Suburb,Address,Rooms,Type,Price,Method,SellerG,Date,Distance,Postcode,Bedroom2,Bathroom,Car,Landsize,BuildingArea,YearBuilt,CouncilArea,Lattitude,Longtitude,Regionname,Propertycount
Camberwell,6 Wilson Gr,3,h,1602500.0,S,Lindellas,18/03/2017,7.8,3124.0,3.0,1.0,1.0,405.0,102.0,1930.0,Boroondara,-37.8448,145.071,Southern Metropolitan,8920.0
Canterbury,21 Compton St,4,h,2950000.0,PI,Jellis,10/12/2016,9.0,3126.0,4.0,2.0,3.0,812.0,173.0,1927.0,Boroondara,-37.8323,145.0842,Southern Metropolitan,3265.0
Bentleigh,156 Patterson Rd,3,h,1110000.0,S,Buxton,6/08/2016,13.0,3204.0,3.0,1.0,2.0,692.0,164.0,1940.0,Glen Eira,-37.9263,145.04,Southern Metropolitan,6795.0
Bentleigh East,1/57 Brooks St,3,h,780000.0,PI,Buxton,17/09/2016,13.9,3165.0,3.0,2.0,2.0,421.0,126.0,1950.0,Glen Eira,-37.9168,145.0809,Southern Metropolitan,10969.0
Ascot Vale,58 Fenton St,4,h,1340000.0,S,Nelson,14/05/2016,5.9,3032.0,3.0,2.0,2.0,683.0,232.0,1978.0,Moonee Valley,-37.775,144.93200000000004,Western Metropolitan,6567.0
Ashburton,5 Nicholas St,3,h,1337000.0,S,Buxton,8/10/2016,11.0,3147.0,3.0,1.0,2.0,583.0,112.0,1950.0,Boroondara,-37.8685,145.0786,Southern Metropolitan,3052.0
Albert Park,1 Moubray St,3,h,1800000.0,VB,Greg,7/11/2016,3.3,3206.0,3.0,2.0,1.0,132.0,159.0,1996.0,Port Phillip,-37.8415,144.952,Southern Metropolitan,3280.0
Box Hill,3/8 Ashted Rd,2,u,636000.0,S,Philip,19/11/2016,13.1,3128.0,2.0,1.0,1.0,151.0,82.0,1970.0,Whitehorse,-37.8234,145.1235,Eastern Metropolitan,4605.0
Balwyn North,16 Nevada St,4,h,1700000.0,VB,Jellis,27/06/2016,9.2,3104.0,3.0,2.0,5.0,754.0,175.0,1960.0,Boroondara,-37.786,145.0886,Southern Metropolitan,7809.0
Brighton East,14 Milroy St,4,h,2504000.0,S,Marshall,3/12/2016,10.7,3187.0,4.0,2.0,2.0,674.0,183.0,1950.0,Bayside,-37.9022,145.0125,Southern Metropolitan,6938.0
Box Hill,33 Pendle St,4,h,1670000.0,S,Noel,17/09/2016,13.1,3128.0,4.0,4.0,4.0,707.0,162.0,1926.0,Whitehorse,-37.8166,145.1354,Eastern Metropolitan,4605.0
Box Hill,6/29 Barkly St,2,u,645000.0,S,McGrath,4/03/2017,13.1,3128.0,2.0,1.0,1.0,140.0,81.0,1965.0,Whitehorse,-37.8271,145.1299,Eastern Metropolitan,4605.0
Brunswick West,1/464 Victoria St,2,t,735000.0,S,Jellis,24/09/2016,5.9,3055.0,2.0,1.0,2.0,120.0,109.0,2004.0,Moreland,-37.7659,144.9487,Northern Metropolitan,7082.0
Camberwell,20 Kirkwood Dr,5,h,2740000.0,S,Fletchers,28/08/2016,7.8,3124.0,4.0,2.0,2.0,643.0,363.0,2005.0,Boroondara,-37.8421,145.0719,Southern Metropolitan,8920.0
Ascot Vale,25 Geddes St,4,h,950000.0,PI,Nelson,24/09/2016,5.9,3032.0,4.0,2.0,1.0,298.0,147.0,1920.0,Moonee Valley,-37.7778,144.9131,Western Metropolitan,6567.0
Carnegie,22 Neville St,4,h,1880000.0,S,Private/Tiernan's,26/07/2016,11.4,3163.0,3.0,2.0,3.0,932.0,270.0,1970.0,Glen Eira,-37.8975,145.0478,Southern Metropolitan,7822.0
Altona,1/136 Queen St,2,u,580000.0,S,Barlow,8/10/2016,13.8,3018.0,2.0,1.0,1.0,225.0,93.0,1988.0,Hobsons Bay,-37.8696,144.827,Western Metropolitan,5301.0
Ashwood,18 Montrose St,2,h,1075000.0,VB,Jellis,4/06/2016,12.2,3147.0,2.0,1.0,2.0,695.0,114.0,1950.0,Monash,-37.8694,145.0944,Southern Metropolitan,2894.0
Brighton,4/23 South Rd,3,u,1266000.0,S,Hodges,13/08/2016,11.2,3186.0,3.0,1.0,2.0,277.0,116.0,1950.0,Bayside,-37.9268,144.991,Southern Metropolitan,10579.0
Bentleigh East,38 Northam Rd,3,h,1338000.0,S,Buxton,7/05/2016,13.9,3165.0,3.0,2.0,2.0,610.0,177.0,1970.0,Glen Eira,-37.9231,145.066,Southern Metropolitan,10969.0
Box Hill,14 Collins St,4,h,1670000.0,S,Marshall,25/02/2017,13.1,3128.0,4.0,2.0,2.0,590.0,231.0,1924.0,Whitehorse,-37.8274,145.1242,Eastern Metropolitan,4605.0
Abbotsford,55a Park St,4,h,1600000.0,VB,Nelson,4/06/2016,2.5,3067.0,3.0,1.0,2.0,120.0,142.0,2014.0,Yarra,-37.8072,144.9941,Northern Metropolitan,4019.0
Carnegie,68 Miller St,2,h,967500.0,S,hockingstuart,6/08/2016,11.4,3163.0,3.0,1.0,2.0,299.0,115.0,1930.0,Glen Eira,-37.8973,145.053,Southern Metropolitan,7822.0
Avondale Heights,8 Norma Ct,3,h,850000.0,S,Moonee,3/09/2016,10.5,3034.0,3.0,1.0,1.0,593.0,118.0,1970.0,Moonee Valley,-37.7677,144.8674,Western Metropolitan,4502.0
Bentleigh East,2A Barrani St,4,t,1325000.0,S,Buxton,25/02/2017,13.9,3165.0,4.0,4.0,2.0,363.0,265.0,2012.0,Glen Eira,-37.9116,145.0686,Southern Metropolitan,10969.0
Caulfield South,5 Alder St,3,h,1460000.0,S,hockingstuart,3/12/2016,9.3,3162.0,3.0,1.0,2.0,451.0,121.0,1960.0,Glen Eira,-37.8874,145.019,Southern Metropolitan,5051.0
Camberwell,18 Russell St,4,h,2600000.0,VB,Jellis,7/05/2016,7.8,3124.0,3.0,2.0,2.0,600.0,232.0,1897.0,Boroondara,-37.8237,145.0638,Southern Metropolitan,8920.0
Bentleigh,4a Rosina St,4,t,1247000.0,S,hockingstuart,15/10/2016,13.0,3204.0,4.0,2.0,3.0,354.0,255.0,2008.0,Glen Eira,-37.9326,145.0441,Southern Metropolitan,6795.0
Bentleigh East,2/40 Francesco St,3,t,970000.0,S,Matthew,18/03/2017,13.9,3165.0,3.0,2.0,2.0,267.0,156.0,2000.0,Glen Eira,-37.9176,145.0566,Southern Metropolitan,10969.0
Bentleigh East,4 Mawby Rd,4,h,1433500.0,S,Hodges,25/02/2017,13.9,3165.0,4.0,1.0,1.0,725.0,186.0,1950.0,Glen Eira,-37.9289,145.0502,Southern Metropolitan,10969.0
Caulfield,4/14 Briggs St,2,u,550000.0,VB,Gary,4/03/2017,8.9,3162.0,2.0,1.0,1.0,806.0,78.0,1960.0,Glen Eira,-37.8852,145.024,Southern Metropolitan,2379.0
Brighton East,38 Agnew St,3,h,1710000.0,S,hockingstuart,17/09/2016,10.7,3187.0,4.0,3.0,2.0,435.0,228.0,1915.0,Bayside,-37.91,145.0113,Southern Metropolitan,6938.0
Altona North,33 Carthy St,3,h,683000.0,S,FN,4/06/2016,11.1,3025.0,3.0,1.0,2.0,534.0,167.0,1967.0,Hobsons Bay,-37.8284,144.8355,Western Metropolitan,5132.0
Ashburton,61 Dent St,4,h,2650000.0,S,Marshall,3/09/2016,11.0,3147.0,4.0,3.0,2.0,753.0,399.0,2015.0,Boroondara,-37.8669,145.0767,Southern Metropolitan,3052.0
Brighton,33a Durrant St,2,h,1532000.0,S,Hodges,22/08/2016,11.2,3186.0,2.0,1.0,2.0,411.0,165.0,1910.0,Bayside,-37.9095,145.004,Southern Metropolitan,10579.0
Camberwell,44 Athelstan Rd,5,h,3320000.0,SP,Weast,28/05/2016,7.8,3124.0,5.0,4.0,2.0,741.0,407.0,2009.0,Boroondara,-37.8422,145.064,Southern Metropolitan,8920.0
Balwyn North,43 Sweyn St,3,h,1265000.0,S,hockingstuart,3/12/2016,9.2,3104.0,3.0,2.0,1.0,347.0,160.0,2011.0,Boroondara,-37.7947,145.1035,Southern Metropolitan,7809.0
Altona,59 Bracken Gr,5,h,1525000.0,S,Greg,3/12/2016,13.8,3018.0,5.0,3.0,3.0,729.0,268.0,2005.0,Hobsons Bay,-37.8721,144.8105,Western Metropolitan,5301.0
Coburg,52 Stawell St,3,h,841000.0,S,Re,19/11/2016,7.8,3058.0,3.0,1.0,3.0,385.0,98.0,1920.0,Moreland,-37.734,144.9603,Northern Metropolitan,11204.0
Bentleigh East,2/8 Rudyard St,3,t,700000.0,PI,hockingstuart,24/09/2016,13.9,3165.0,3.0,2.0,2.0,194.0,200.0,2008.0,Glen Eira,-37.9272,145.0801,Southern Metropolitan,10969.0
Ashwood,1/7 Murra Ct,2,u,690000.0,S,Ray,14/05/2016,12.2,3147.0,2.0,1.0,1.0,216.0,90.0,2003.0,Monash,-37.8711,145.1017,Southern Metropolitan,2894.0
Brunswick West,497 Albion St,5,h,1350000.0,SP,Woodards,7/11/2016,5.9,3055.0,5.0,2.0,2.0,510.0,321.0,1997.0,Moreland,-37.7581,144.9414,Northern Metropolitan,7082.0
Brunswick,113 Glenlyon Rd,4,h,1320000.0,S,Nelson,15/10/2016,5.2,3056.0,4.0,2.0,1.0,281.0,156.0,1920.0,Moreland,-37.7722,144.9681,Northern Metropolitan,11918.0
Bentleigh,2/15 Jasper Rd,2,u,725000.0,S,hockingstuart,13/08/2016,13.0,3204.0,2.0,1.0,1.0,227.0,100.0,1990.0,Glen Eira,-37.9326,145.0387,Southern Metropolitan,6795.0
Camberwell,29 Kalang Rd,4,h,2015000.0,S,Jellis,27/11/2016,7.8,3124.0,4.0,1.0,4.0,772.0,145.0,1920.0,Boroondara,-37.8441,145.0806,Southern Metropolitan,8920.0
Chadstone,4 Jacana Ct,4,h,1260000.0,S,McGrath,25/02/2017,13.6,3148.0,4.0,2.0,2.0,500.0,277.0,2001.0,Monash,-37.8845,145.1027,Southern Metropolitan,3582.0
Box Hill,3 Alexander St,3,h,1715000.0,SP,Marshall,10/12/2016,13.1,3128.0,3.0,2.0,2.0,458.0,170.0,1950.0,Whitehorse,-37.8257,145.1216,Eastern Metropolitan,4605.0
Altona North,4/221 Blackshaws Rd,2,u,292000.0,S,Jas,28/08/2016,11.1,3025.0,2.0,1.0,1.0,153.0,70.0,1970.0,Hobsons Bay,-37.8332,144.8649,Western Metropolitan,5132.0
Balwyn North,6 Stuart Ct,4,h,1825000.0,S,Fletchers,4/03/2017,9.2,3104.0,4.0,2.0,3.0,736.0,225.0,1958.0,Boroondara,-37.7944,145.1028,Southern Metropolitan,7809.0
Brighton East,48 Thomas St,2,h,1000000.0,PI,Biggin,10/09/2016,10.7,3187.0,2.0,1.0,2.0,564.0,131.0,1948.0,Glen Eira,-37.9143,145.0238,Southern Metropolitan,6938.0
Burwood,2/3 Havelock St,3,t,745000.0,S,Noel,17/09/2016,11.7,3125.0,3.0,1.0,2.0,228.0,126.0,1998.0,Whitehorse,-37.8521,145.1187,Southern Metropolitan,5678.0
Canterbury,3/13 Wattle Valley Rd,2,u,830000.0,S,Century,4/06/2016,9.0,3126.0,2.0,1.0,1.0,110.0,83.0,1960.0,Boroondara,-37.8264,145.0824,Southern Metropolitan,3265.0
Caulfield South,15 Dover St,2,h,1065000.0,S,hockingstuart,4/03/2017,9.3,3162.0,2.0,1.0,1.0,273.0,114.0,1930.0,Glen Eira,-37.895,145.02200000000005,Southern Metropolitan,5051.0
Brighton East,11 Billson St,3,h,1400000.0,VB,Marshall,7/05/2016,10.7,3187.0,3.0,1.0,3.0,613.0,182.0,1950.0,Bayside,-37.9177,145.0143,Southern Metropolitan,6938.0
Altona,173 Queen St,3,h,1335000.0,S,hockingstuart,8/10/2016,13.8,3018.0,3.0,1.0,4.0,777.0,22.0,1953.0,Hobsons Bay,-37.8697,144.8249,Western Metropolitan,5301.0
Bentleigh,11A Mortimore St,3,h,1222500.0,S,Ray,4/02/2016,13.0,3204.0,3.0,2.0,2.0,299.0,181.0,2000.0,Glen Eira,-37.9272,145.0406,Southern Metropolitan,6795.0
Avondale Heights,3 Clive Ct,4,h,950000.0,S,Moonee,10/12/2016,10.5,3034.0,4.0,3.0,3.0,761.0,281.0,1970.0,Moonee Valley,-37.7524,144.8714,Western Metropolitan,4502.0
Balwyn North,430 Balwyn Rd,5,h,1875000.0,PI,Fletchers,27/06/2016,9.2,3104.0,5.0,3.0,2.0,842.0,200.0,1961.0,Boroondara,-37.7854,145.0869,Southern Metropolitan,7809.0
Brunswick West,2 Henderson St,7,h,1205000.0,S,Raine,15/10/2016,5.9,3055.0,7.0,3.0,1.0,447.0,287.0,1982.0,Moreland,-37.7634,144.9403,Northern Metropolitan,7082.0
Brighton East,7 Balfour St,4,h,1940000.0,S,hockingstuart,3/09/2016,10.7,3187.0,4.0,2.0,2.0,682.0,240.0,1960.0,Bayside,-37.9205,145.0122,Southern Metropolitan,6938.0
Brunswick West,121 Pearson St,3,h,1300000.0,PI,Jellis,12/11/2016,5.9,3055.0,3.0,1.0,2.0,364.0,135.0,1900.0,Moreland,-37.7618,144.9497,Northern Metropolitan,7082.0
Balwyn North,30 Clifton St,4,h,1572000.0,S,hockingstuart,7/05/2016,9.2,3104.0,4.0,2.0,2.0,662.0,330.0,1965.0,Boroondara,-37.798,145.1007,Southern Metropolitan,7809.0
Ashburton,115 Ashburn Gr,8,h,2950000.0,S,hockingstuart,10/09/2016,11.0,3147.0,9.0,7.0,4.0,1472.0,618.0,2009.0,Boroondara,-37.8729,145.0788,Southern Metropolitan,3052.0
Altona,104 Maidstone St,2,h,857000.0,SP,hockingstuart,27/11/2016,13.8,3018.0,2.0,2.0,1.0,675.0,100.0,1950.0,Hobsons Bay,-37.8653,144.8129,Western Metropolitan,5301.0
Balaclava,18 Linton St,4,h,1819000.0,S,Gary,3/09/2016,6.6,3183.0,3.0,2.0,1.0,244.0,180.0,1900.0,Port Phillip,-37.8668,144.9928,Southern Metropolitan,2952.0
Brighton East,7 Tuxen Ct,5,h,2050000.0,PI,RT,15/10/2016,10.7,3187.0,5.0,3.0,3.0,669.0,309.0,1970.0,Bayside,-37.9289,145.0284,Southern Metropolitan,6938.0
Brighton East,4a Marriage Rd,4,h,1530000.0,S,RT,14/05/2016,10.7,3187.0,2.0,2.0,1.0,603.0,177.0,1920.0,Bayside,-37.9187,145.0071,Southern Metropolitan,6938.0
Braybrook,11/27 Marnoo St,3,h,495000.0,S,Burnham,27/06/2016,10.8,3019.0,3.0,1.0,1.0,158.0,138.0,2005.0,Maribyrnong,-37.7889,144.8465,Western Metropolitan,3589.0
Brunswick,87 Hope St,3,t,955000.0,S,Nelson,11/02/2017,5.2,3056.0,3.0,2.0,2.0,327.0,110.0,2007.0,Moreland,-37.7636,144.9559,Northern Metropolitan,11918.0
Brunswick,84 Stewart St,3,h,1045000.0,S,Jellis,16/04/2016,5.2,3056.0,3.0,1.0,2.0,222.0,105.0,1890.0,Moreland,-37.7642,144.969,Northern Metropolitan,11918.0
Bentleigh East,5b MacKie Rd,3,t,921000.0,S,Buxton,12/11/2016,13.9,3165.0,3.0,2.0,2.0,167.0,140.0,2009.0,Glen Eira,-37.9219,145.0733,Southern Metropolitan,10969.0
Caulfield South,245 Booran Rd,4,h,1570000.0,S,hockingstuart,28/05/2016,9.3,3162.0,3.0,2.0,2.0,641.0,215.0,1970.0,Glen Eira,-37.9012,145.035,Southern Metropolitan,5051.0
Camberwell,18 Middle Rd,5,h,2700000.0,VB,Jellis,17/09/2016,7.8,3124.0,5.0,3.0,2.0,802.0,317.0,1994.0,Boroondara,-37.8442,145.0578,Southern Metropolitan,8920.0
Brighton,7 Chavasse St,3,h,1875000.0,S,Hodges,13/08/2016,11.2,3186.0,3.0,2.0,2.0,275.0,170.0,1991.0,Bayside,-37.9153,144.9924,Southern Metropolitan,10579.0
Burwood,4 Iris St,5,h,2150000.0,S,RW,17/09/2016,11.7,3125.0,5.0,4.0,2.0,643.0,380.0,2014.0,Whitehorse,-37.8454,145.0974,Southern Metropolitan,5678.0
Brighton,15 Hanby St,5,h,3171000.0,S,Biggin,7/05/2016,11.2,3186.0,4.0,2.0,2.0,710.0,340.0,2000.0,Bayside,-37.9241,145.0008,Southern Metropolitan,10579.0
Abbotsford,16 William St,2,h,1310000.0,S,Jellis,15/10/2016,2.5,3067.0,2.0,1.0,2.0,238.0,97.0,1890.0,Yarra,-37.809,144.9976,Northern Metropolitan,4019.0
Bentleigh East,1/41 Elizabeth St,3,u,1025000.0,S,Woodards,4/03/2017,13.9,3165.0,3.0,2.0,2.0,384.0,120.0,1999.0,Glen Eira,-37.9229,145.0557,Southern Metropolitan,10969.0
Alphington,42 Shiers St,4,h,1950000.0,S,Jellis,30/07/2016,6.4,3078.0,4.0,2.0,3.0,589.0,210.0,1920.0,Darebin,-37.7719,145.0309,Northern Metropolitan,2211.0
Bulleen,4 Albany Pl,4,h,1303000.0,SP,Barry,4/03/2017,11.8,3105.0,4.0,2.0,2.0,670.0,197.0,1980.0,Manningham,-37.7695,145.0869,Eastern Metropolitan,4480.0
Caulfield South,23 Lygon St,2,h,825000.0,S,Gary,16/04/2016,9.3,3162.0,2.0,1.0,1.0,367.0,85.0,1930.0,Glen Eira,-37.8995,145.0241,Southern Metropolitan,5051.0
Burwood,33 Brockhoff Dr,4,h,1255000.0,S,Buxton,12/11/2016,11.7,3125.0,4.0,2.0,2.0,438.0,210.0,2005.0,Monash,-37.8599,145.1101,Southern Metropolitan,5678.0
Armadale,35 Northcote Rd,4,h,2801000.0,S,Marshall,12/11/2016,6.3,3143.0,4.0,2.0,2.0,624.0,222.0,1900.0,Stonnington,-37.8536,145.0173,Southern Metropolitan,4836.0
Canterbury,2 McGregor St,4,h,2375000.0,S,Jellis,7/05/2016,9.0,3126.0,4.0,2.0,1.0,653.0,229.0,1910.0,Boroondara,-37.8292,145.0852,Southern Metropolitan,3265.0
Brunswick,2 Chambers St,3,h,1691500.0,S,Nelson,17/09/2016,5.2,3056.0,3.0,2.0,3.0,470.0,152.0,1920.0,Moreland,-37.7788,144.9688,Northern Metropolitan,11918.0
Brighton East,214 Were St,4,h,2310000.0,S,Buxton,28/05/2016,10.7,3187.0,4.0,2.0,2.0,757.0,130.0,1930.0,Bayside,-37.9266,145.0088,Southern Metropolitan,6938.0
Bentleigh East,48a Celia St,4,t,1250000.0,PI,Buxton,17/09/2016,13.9,3165.0,4.0,2.0,2.0,314.0,231.0,2010.0,Glen Eira,-37.9299,145.0598,Southern Metropolitan,10969.0
Brunswick,7 Garnet St,3,h,1053000.0,S,Ray,27/06/2016,5.2,3056.0,3.0,1.0,1.0,343.0,1041.0,1925.0,Moreland,-37.7589,144.9529,Northern Metropolitan,11918.0
Box Hill,12 Barcelona St,4,h,1461400.0,S,Allens,17/09/2016,13.1,3128.0,3.0,2.0,2.0,780.0,235.0,1927.0,Whitehorse,-37.8244,145.1319,Eastern Metropolitan,4605.0
Altona,3/20 Mulga St,3,u,577000.0,S,Williams,23/04/2016,13.8,3018.0,3.0,2.0,1.0,205.0,113.0,2007.0,Hobsons Bay,-37.8684,144.815,Western Metropolitan,5301.0
Balwyn North,64 Greythorn Rd,5,h,2000000.0,S,Fletchers,15/10/2016,9.2,3104.0,5.0,2.0,2.0,1002.0,244.0,1950.0,Boroondara,-37.796,145.0984,Southern Metropolitan,7809.0
Camberwell,16A Waterloo St,3,h,3300000.0,S,Kay,25/02/2017,7.8,3124.0,3.0,3.0,2.0,417.0,220.0,2016.0,Boroondara,-37.831,145.0621,Southern Metropolitan,8920.0
Bulleen,19a Elizabeth St,3,u,851000.0,S,Jellis,3/09/2016,11.8,3105.0,3.0,1.0,2.0,385.0,140.0,2000.0,Manningham,-37.7599,145.0849,Eastern Metropolitan,4480.0
Ashburton,14 Lucerne St,3,h,1415000.0,S,Buxton,27/06/2016,11.0,3147.0,3.0,1.0,1.0,605.0,111.0,1950.0,Boroondara,-37.8703,145.0774,Southern Metropolitan,3052.0
Box Hill,5 Patricia St,3,h,1170000.0,S,Ray,23/04/2016,13.1,3128.0,3.0,1.0,1.0,755.0,95.0,1920.0,Whitehorse,-37.8264,145.1248,Eastern Metropolitan,4605.0
Carnegie,2/25 El Nido Gr,2,t,707000.0,SA,Ray,13/08/2016,11.4,3163.0,2.0,1.0,1.0,144.0,96.0,2000.0,Glen Eira,-37.892,145.0482,Southern Metropolitan,7822.0
Burwood,8/33 McIntyre St,3,u,746000.0,S,Buxton,17/09/2016,11.7,3125.0,3.0,1.0,2.0,308.0,92.0,1995.0,Whitehorse,-37.8505,145.1065,Southern Metropolitan,5678.0
Box Hill,21 Barkly St,3,h,1200000.0,SP,Marshall,10/12/2016,13.1,3128.0,3.0,1.0,2.0,550.0,110.0,1950.0,Whitehorse,-37.8275,145.1298,Eastern Metropolitan,4605.0
Bentleigh East,1A Brian St,4,t,1185000.0,S,hockingstuart,10/12/2016,13.9,3165.0,4.0,2.0,2.0,305.0,207.0,2012.0,Glen Eira,-37.9245,145.0507,Southern Metropolitan,10969.0
Burwood,35 McCubbin St,4,h,1890000.0,S,Ray,3/12/2016,11.7,3125.0,4.0,2.0,2.0,1145.0,111.0,1960.0,Whitehorse,-37.8538,145.127,Southern Metropolitan,5678.0
Brunswick,11 William St,3,t,705000.0,PI,Nelson,27/06/2016,5.2,3056.0,2.0,1.0,1.0,55.0,111.0,2012.0,Moreland,-37.7611,144.9622,Northern Metropolitan,11918.0
Bentleigh,12b Coates St,4,t,1435000.0,S,hockingstuart,6/08/2016,13.0,3204.0,3.0,3.0,2.0,291.0,212.0,2012.0,Glen Eira,-37.9278,145.0337,Southern Metropolitan,6795.0
Brunswick West,6/86 Heller St,2,u,537000.0,SP,Jellis,22/08/2016,5.9,3055.0,2.0,1.0,1.0,501.0,66.0,1960.0,Moreland,-37.7741,144.9449,Northern Metropolitan,7082.0
Brunswick,3 Ballarat St,1,t,625000.0,PI,Jellis,18/06/2016,5.2,3056.0,1.0,1.0,1.0,82.0,114.0,1930.0,Moreland,-37.7661,144.9614,Northern Metropolitan,11918.0
Canterbury,8 Dudley Pde,5,h,2350000.0,VB,Jellis,15/10/2016,9.0,3126.0,5.0,2.0,4.0,838.0,282.0,1910.0,Boroondara,-37.8252,145.0721,Southern Metropolitan,3265.0
Coburg,29 Molesworth St,2,h,850000.0,SP,Brad,3/09/2016,7.8,3058.0,2.0,1.0,1.0,371.0,93.0,1930.0,Moreland,-37.735,144.9589,Northern Metropolitan,11204.0
Bentleigh East,1 Jassa St,3,h,1352000.0,S,Woodards,19/11/2016,13.9,3165.0,3.0,1.0,2.0,686.0,122.0,1950.0,Glen Eira,-37.9113,145.0765,Southern Metropolitan,10969.0
Carnegie,3/78 Moonya Rd,3,t,860000.0,SP,Gary,4/03/2017,11.4,3163.0,3.0,2.0,1.0,1113.0,113.0,1990.0,Glen Eira,-37.8972,145.0642,Southern Metropolitan,7822.0
Airport West,1/37 Hillside Gr,3,h,600000.0,S,Maddison,4/03/2017,13.5,3042.0,2.0,1.0,1.0,290.0,116.0,1980.0,Moonee Valley,-37.7273,144.8744,Western Metropolitan,3464.0
Brighton East,55 Baird St,4,h,2050000.0,SP,Marshall,15/10/2016,10.7,3187.0,4.0,2.0,4.0,678.0,233.0,1940.0,Bayside,-37.9255,145.0118,Southern Metropolitan,6938.0
Avondale Heights,10 Skewes St,3,h,805000.0,S,Nelson,27/11/2016,10.5,3034.0,3.0,2.0,2.0,593.0,103.0,1970.0,Moonee Valley,-37.7607,144.8581,Western Metropolitan,4502.0
Brunswick,1/263 Albion St,2,u,659500.0,S,Walshe,7/11/2016,5.2,3056.0,2.0,1.0,1.0,100.0,85.0,1970.0,Moreland,-37.7601,144.9581,Northern Metropolitan,11918.0
Balwyn,4/3 King St,3,h,700000.0,VB,Marshall,7/05/2016,9.7,3103.0,3.0,1.0,1.0,188.0,110.0,1970.0,Boroondara,-37.8065,145.065,Southern Metropolitan,5682.0
Chadstone,7 Inga Ct,3,h,1301000.0,S,Buxton,18/03/2017,13.6,3148.0,3.0,1.0,2.0,620.0,88.0,1970.0,Monash,-37.8812,145.105,Southern Metropolitan,3582.0
Braybrook,25 Lily St,2,h,645000.0,S,Barry,3/09/2016,10.8,3019.0,2.0,1.0,1.0,566.0,75.0,1950.0,Maribyrnong,-37.7839,144.8524,Western Metropolitan,3589.0
Ascot Vale,70 Munro St,3,h,955000.0,S,Brad,14/05/2016,5.9,3032.0,3.0,1.0,1.0,263.0,117.0,1910.0,Moonee Valley,-37.7753,144.9116,Western Metropolitan,6567.0
Brighton East,2/19 Hemming St,3,u,880000.0,S,Buxton,11/02/2017,10.7,3187.0,3.0,2.0,2.0,304.0,34.0,1990.0,Bayside,-37.9308,145.0316,Southern Metropolitan,6938.0
Burwood,3/124 Highbury Rd,3,t,702000.0,S,Barry,28/08/2016,11.7,3125.0,3.0,2.0,1.0,170.0,106.0,2001.0,Monash,-37.8554,145.1089,Southern Metropolitan,5678.0
Bentleigh,1/30 Daley St,2,h,855000.0,SP,Marshall,10/12/2016,13.0,3204.0,2.0,1.0,1.0,296.0,103.0,1940.0,Glen Eira,-37.9243,145.0376,Southern Metropolitan,6795.0
Carnegie,15/225 Koornang Rd,2,u,468250.0,S,Ray,28/08/2016,11.4,3163.0,2.0,1.0,1.0,912.0,75.0,2008.0,Glen Eira,-37.8936,145.056,Southern Metropolitan,7822.0
Burwood,1/10 McComas Gr,2,u,650000.0,PI,Buxton,11/03/2017,11.7,3125.0,2.0,1.0,1.0,194.0,120.0,1975.0,Whitehorse,-37.8509,145.1119,Southern Metropolitan,5678.0
Altona,156 Maidstone St,3,h,660000.0,VB,Greg,7/05/2016,13.8,3018.0,3.0,1.0,1.0,602.0,123.0,1955.0,Hobsons Bay,-37.8616,144.8116,Western Metropolitan,5301.0
Bentleigh East,2/25 Birdwood St,2,u,495000.0,S,Woodards,4/06/2016,13.9,3165.0,2.0,1.0,1.0,76.0,79.0,1980.0,Glen Eira,-37.91,145.0842,Southern Metropolitan,10969.0
Chadstone,2/4 Lenna Ct,3,t,865000.0,S,Buxton,7/11/2016,13.6,3148.0,3.0,2.0,2.0,277.0,143.0,2010.0,Monash,-37.8796,145.1044,Southern Metropolitan,3582.0
Abbotsford,42 Henry St,3,h,1200000.0,S,Jellis,16/07/2016,2.5,3067.0,3.0,2.0,1.0,113.0,110.0,1880.0,Yarra,-37.8056,144.993,Northern Metropolitan,4019.0
Brighton,3/198 Church St,1,u,671000.0,S,Buxton,27/11/2016,11.2,3186.0,1.0,1.0,1.0,70.0,74.0,1980.0,Bayside,-37.9194,145.0003,Southern Metropolitan,10579.0
Carnegie,48 Lyons St,4,h,1450000.0,PI,Ray,16/04/2016,11.4,3163.0,4.0,2.0,2.0,557.0,200.0,1938.0,Glen Eira,-37.8955,145.0515,Southern Metropolitan,7822.0
Ashburton,1/65 Ashburn Gr,4,t,1250000.0,VB,Noel,27/11/2016,11.0,3147.0,4.0,2.0,2.0,321.0,199.0,2007.0,Boroondara,-37.8693,145.08,Southern Metropolitan,3052.0
Armadale,4/769 High St,3,t,1205000.0,S,Jellis,3/12/2016,6.3,3143.0,3.0,2.0,2.0,101.0,105.0,2000.0,Stonnington,-37.854,145.0135,Southern Metropolitan,4836.0
Bentleigh East,2/53 Moylan St,3,h,835000.0,S,Woodards,18/06/2016,13.9,3165.0,3.0,1.0,1.0,250.0,105.0,1980.0,Glen Eira,-37.9087,145.0537,Southern Metropolitan,10969.0
Bentleigh East,11b Lilac St,4,t,1005000.0,SP,Woodards,16/07/2016,13.9,3165.0,4.0,2.0,2.0,296.0,205.0,2006.0,Glen Eira,-37.9197,145.05700000000004,Southern Metropolitan,10969.0
Brunswick,270 Albion St,3,h,880000.0,S,Nelson,24/09/2016,5.2,3056.0,3.0,1.0,1.0,264.0,117.0,1915.0,Moreland,-37.7603,144.9573,Northern Metropolitan,11918.0
Ascot Vale,1/17 Epsom Rd,2,u,685000.0,S,Brad,7/11/2016,5.9,3032.0,2.0,1.0,2.0,228.0,90.0,1995.0,Moonee Valley,-37.7718,144.9066,Western Metropolitan,6567.0
Avondale Heights,2 Drake Ct,3,h,875000.0,S,Edward,25/02/2017,10.5,3034.0,3.0,1.0,3.0,812.0,117.0,1960.0,Moonee Valley,-37.765,144.8578,Western Metropolitan,4502.0
Ashwood,2/6 Murra Ct,2,u,700000.0,S,hockingstuart,22/08/2016,12.2,3147.0,2.0,1.0,2.0,192.0,88.0,2007.0,Monash,-37.8709,145.102,Southern Metropolitan,2894.0
Brighton East,5 Margaret St,2,h,1780000.0,SP,Buxton,7/05/2016,10.7,3187.0,4.0,3.0,2.0,635.0,119.0,1935.0,Bayside,-37.9205,145.0102,Southern Metropolitan,6938.0
Carnegie,2/79 Mimosa Rd,2,t,855000.0,S,Gary,16/04/2016,11.4,3163.0,2.0,1.0,1.0,158.0,106.0,1994.0,Glen Eira,-37.8886,145.05200000000005,Southern Metropolitan,7822.0
Balaclava,3/33 Gourlay St,2,u,540000.0,VB,McGrath,27/06/2016,6.6,3183.0,2.0,1.0,1.0,483.0,51.0,1970.0,Port Phillip,-37.8727,144.9969,Southern Metropolitan,2952.0
Canterbury,47 Warburton Rd,3,h,1680000.0,S,Fletchers,17/09/2016,9.0,3126.0,3.0,2.0,1.0,325.0,197.0,1910.0,Boroondara,-37.826,145.0729,Southern Metropolitan,3265.0
Altona,4 Blyth St,3,h,1120000.0,S,Barlow,4/03/2017,13.8,3018.0,3.0,1.0,2.0,506.0,120.0,1930.0,Hobsons Bay,-37.8693,144.8375,Western Metropolitan,5301.0
Bentleigh,5 Luckins Rd,3,h,1165000.0,PI,Buxton,18/06/2016,13.0,3204.0,3.0,1.0,2.0,694.0,125.0,1950.0,Glen Eira,-37.9315,145.0445,Southern Metropolitan,6795.0
Box Hill,837 Canterbury Rd,3,h,857000.0,S,Fletchers,28/05/2016,13.1,3128.0,4.0,1.0,1.0,492.0,119.0,1930.0,Whitehorse,-37.8283,145.1195,Eastern Metropolitan,4605.0
Canterbury,42 Warburton Rd,3,h,2200000.0,VB,Noel,7/05/2016,9.0,3126.0,3.0,3.0,2.0,468.0,148.0,1890.0,Boroondara,-37.8264,145.0741,Southern Metropolitan,3265.0
Burwood,55 Parer St,4,t,900000.0,VB,Noel,22/05/2016,11.7,3125.0,4.0,3.0,2.0,381.0,176.0,2013.0,Whitehorse,-37.8459,145.1041,Southern Metropolitan,5678.0
Balwyn North,19 Jacka St,4,h,3230000.0,S,Jellis,3/09/2016,9.2,3104.0,4.0,4.0,3.0,1135.0,275.0,1960.0,Boroondara,-37.8014,145.0892,Southern Metropolitan,7809.0
Ascot Vale,10 McCully St,3,h,1377000.0,S,Nelson,6/08/2016,5.9,3032.0,3.0,1.0,1.0,417.0,168.0,1900.0,Moonee Valley,-37.7756,144.9208,Western Metropolitan,6567.0
Bentleigh East,2/15 Liverpool St,3,t,805000.0,S,hockingstuart,14/05/2016,13.9,3165.0,3.0,2.0,1.0,268.0,117.0,2000.0,Glen Eira,-37.9196,145.0691,Southern Metropolitan,10969.0
Airport West,180 Parer Rd,3,h,830000.0,S,Barry,16/04/2016,13.5,3042.0,3.0,1.0,2.0,971.0,113.0,1960.0,Moonee Valley,-37.7186,144.876,Western Metropolitan,3464.0
Bentleigh East,3 Molden St,5,h,1550000.0,S,Hodges,18/06/2016,13.9,3165.0,5.0,3.0,2.0,623.0,257.0,1950.0,Glen Eira,-37.9066,145.0541,Southern Metropolitan,10969.0
Camberwell,4/2 Callanish Rd,2,u,729000.0,S,Noel,3/12/2016,7.8,3124.0,2.0,1.0,1.0,137.0,87.0,1970.0,Boroondara,-37.8459,145.088,Southern Metropolitan,8920.0
Caulfield South,1/2 Griffiths St,4,t,1030000.0,VB,Gary,10/12/2016,9.3,3162.0,4.0,2.0,2.0,216.0,165.0,1995.0,Glen Eira,-37.8887,145.0318,Southern Metropolitan,5051.0
Altona North,3/66 Marion St,2,t,421000.0,S,hockingstuart,4/03/2017,11.1,3025.0,2.0,1.0,1.0,77.0,77.0,2009.0,Hobsons Bay,-37.8351,144.8529,Western Metropolitan,5132.0
Bulleen,130 Manningham Rd,3,h,880000.0,PI,Barry,4/06/2016,11.8,3105.0,3.0,2.0,2.0,514.0,190.0,1960.0,Manningham,-37.7683,145.0959,Eastern Metropolitan,4480.0
Bulleen,6a Tobruk St,3,t,975000.0,PI,Fletchers,4/06/2016,11.8,3105.0,3.0,2.0,2.0,632.0,226.0,2013.0,Manningham,-37.7813,145.102,Eastern Metropolitan,4480.0
Bentleigh,1a Werona St,2,t,670000.0,PI,Buxton,26/07/2016,13.0,3204.0,2.0,2.0,1.0,123.0,90.0,2007.0,Glen Eira,-37.9307,145.0379,Southern Metropolitan,6795.0
Bulleen,23 Bourke St,4,h,1302000.0,SP,Barry,15/10/2016,11.8,3105.0,4.0,2.0,2.0,475.0,245.0,1996.0,Manningham,-37.765,145.0933,Eastern Metropolitan,4480.0
Brighton,82 New St,5,h,3700000.0,VB,Kay,18/06/2016,11.2,3186.0,4.0,3.0,4.0,1572.0,305.0,1890.0,Bayside,-37.9233,144.9944,Southern Metropolitan,10579.0
Balwyn,29 Bevan St,4,h,2188000.0,S,Marshall,19/11/2016,9.7,3103.0,4.0,2.0,2.0,752.0,253.0,1981.0,Boroondara,-37.8149,145.0747,Southern Metropolitan,5682.0
Armadale,12 Willis St,3,h,2050000.0,S,Marshall,4/03/2017,6.3,3143.0,3.0,2.0,1.0,205.0,116.0,1910.0,Stonnington,-37.8574,145.0281,Southern Metropolitan,4836.0
Bentleigh East,123 MacKie Rd,3,h,1161000.0,S,hockingstuart,24/09/2016,13.9,3165.0,3.0,2.0,3.0,629.0,168.0,1950.0,Glen Eira,-37.912,145.0752,Southern Metropolitan,10969.0
Brunswick,16 Thistle St,3,t,940000.0,S,Ray,8/10/2016,5.2,3056.0,3.0,2.0,1.0,186.0,140.0,2016.0,Moreland,-37.7581,144.9514,Northern Metropolitan,11918.0
Balwyn North,36 Kenny St,3,h,2251000.0,S,Marshall,3/12/2016,9.2,3104.0,3.0,1.0,2.0,888.0,137.0,1950.0,Boroondara,-37.8002,145.0949,Southern Metropolitan,7809.0
Carlton North,1 Fletcher La,2,h,800000.0,PI,Nelson,10/12/2016,3.2,3054.0,2.0,1.0,1.0,73.0,104.0,2009.0,Yarra,-37.7852,144.9719,Northern Metropolitan,3106.0
Armadale,28 Cambridge St,3,h,1870000.0,S,Hodges,4/03/2017,6.3,3143.0,3.0,1.0,1.0,217.0,116.0,1888.0,Stonnington,-37.8592,145.0182,Southern Metropolitan,4836.0
Ascot Vale,21A Geddes St,3,h,1037500.0,S,Alexkarbon,19/11/2016,5.9,3032.0,3.0,1.0,2.0,506.0,110.0,1920.0,Moonee Valley,-37.7779,144.9133,Western Metropolitan,6567.0
Brighton East,2/21 Hodder St,4,t,1367000.0,S,McGrath,26/07/2016,10.7,3187.0,4.0,2.0,2.0,315.0,4.0,2000.0,Bayside,-37.9078,145.0222,Southern Metropolitan,6938.0
Chadstone,5 Bullarto St,2,h,1002000.0,S,Ray,13/08/2016,13.6,3148.0,2.0,1.0,1.0,585.0,97.0,1950.0,Monash,-37.8792,145.0948,Southern Metropolitan,3582.0
Brunswick,10/285 Brunswick Rd,1,u,370000.0,S,Jellis,26/07/2016,5.2,3056.0,1.0,1.0,1.0,540.0,45.0,1970.0,Moreland,-37.7766,144.9574,Northern Metropolitan,11918.0
Brunswick,11 Denman St,4,h,1410000.0,PI,Jellis,28/05/2016,5.2,3056.0,4.0,2.0,1.0,460.0,214.0,1916.0,Moreland,-37.7554,144.9544,Northern Metropolitan,11918.0
Avondale Heights,1/24 Bordeaux St,2,h,522500.0,S,Nelson,24/09/2016,10.5,3034.0,2.0,1.0,1.0,220.0,101.0,1995.0,Moonee Valley,-37.756,144.8641,Western Metropolitan,4502.0
Brunswick,154 Brunswick Rd,3,h,1050000.0,SP,Nelson,17/09/2016,5.2,3056.0,3.0,1.0,1.0,239.0,126.0,1910.0,Moreland,-37.7776,144.963,Northern Metropolitan,11918.0
Balwyn,1/18 Belmore Rd,3,h,905000.0,S,Kay,10/12/2016,9.7,3103.0,3.0,1.0,2.0,281.0,150.0,1995.0,Boroondara,-37.8013,145.0652,Southern Metropolitan,5682.0
Brunswick,3/5 Evans St,3,u,880000.0,S,Dingle,10/12/2016,5.2,3056.0,3.0,2.0,1.0,122.0,152.0,2000.0,Moreland,-37.7697,144.9649,Northern Metropolitan,11918.0
Coburg,32A Kelson St,3,h,1025000.0,VB,Jellis,25/02/2017,7.8,3058.0,3.0,1.0,3.0,336.0,112.0,1950.0,Moreland,-37.7408,144.9558,Northern Metropolitan,11204.0
Alphington,83 Fulham Rd,5,h,2840000.0,S,Nelson,12/06/2016,6.4,3078.0,5.0,4.0,4.0,809.0,165.0,1910.0,Darebin,-37.775,145.0268,Northern Metropolitan,2211.0
Bentleigh East,3 Veronica St,3,h,1390000.0,S,Buxton,7/05/2016,13.9,3165.0,4.0,2.0,2.0,590.0,118.0,1960.0,Glen Eira,-37.9256,145.0757,Southern Metropolitan,10969.0
Burwood,7 Wattlebird Ct,4,h,2000000.0,S,Fletchers,7/05/2016,11.7,3125.0,4.0,3.0,2.0,928.0,229.0,1996.0,Whitehorse,-37.842,145.102,Southern Metropolitan,5678.0
Braybrook,1/3 Vine St,3,t,502000.0,SP,Sweeney,4/03/2017,10.8,3019.0,3.0,1.0,1.0,220.0,106.0,2011.0,Maribyrnong,-37.785,144.8561,Western Metropolitan,3589.0
Bentleigh,22 Hutchinson St,5,h,1385000.0,S,Buxton,28/08/2016,13.0,3204.0,5.0,2.0,2.0,664.0,178.0,1950.0,Glen Eira,-37.9241,145.048,Southern Metropolitan,6795.0
Abbotsford,60 Stafford St,3,h,1290000.0,S,Biggin,25/02/2017,2.5,3067.0,3.0,1.0,1.0,168.0,124.0,1950.0,Yarra,-37.8007,144.9958,Northern Metropolitan,4019.0
Abbotsford,10 Valiant St,2,h,1097000.0,S,Biggin,8/10/2016,2.5,3067.0,3.0,1.0,2.0,220.0,75.0,1900.0,Yarra,-37.801,144.9989,Northern Metropolitan,4019.0
Balwyn North,9 Stephens St,5,h,4000000.0,PI,Marshall,18/06/2016,9.2,3104.0,5.0,5.0,4.0,1364.0,518.0,2013.0,Boroondara,-37.7961,145.0859,Southern Metropolitan,7809.0
Bentleigh,40 Coates St,2,t,680000.0,PI,Bayside,27/11/2016,13.0,3204.0,2.0,1.0,1.0,83.0,107.0,1998.0,Glen Eira,-37.9259,145.0341,Southern Metropolitan,6795.0
Coburg,53 Hawthorn St,2,h,903000.0,S,Nelson,15/10/2016,7.8,3058.0,2.0,1.0,1.0,253.0,94.0,1910.0,Moreland,-37.7484,144.9521,Northern Metropolitan,11204.0
Bentleigh,592 Centre Rd,3,h,1125000.0,S,hockingstuart,8/10/2016,13.0,3204.0,3.0,1.0,2.0,584.0,116.0,1948.0,Glen Eira,-37.9199,145.0477,Southern Metropolitan,6795.0
Bentleigh East,18 Patricia St,3,h,1020000.0,S,Nick,27/11/2016,13.9,3165.0,3.0,1.0,2.0,596.0,144.0,1960.0,Glen Eira,-37.9251,145.0771,Southern Metropolitan,10969.0
Ascot Vale,41 Monash St,3,h,1230000.0,S,Nelson,8/10/2016,5.9,3032.0,4.0,1.0,2.0,594.0,148.0,1960.0,Moonee Valley,-37.7819,144.9064,Western Metropolitan,6567.0
Armadale,791 High St,3,h,1800000.0,PI,RT,15/10/2016,6.3,3143.0,3.0,2.0,2.0,405.0,121.0,1910.0,Stonnington,-37.8545,145.0145,Southern Metropolitan,4836.0
Balwyn North,54 Sutton St,3,h,1818000.0,S,Fletchers,15/10/2016,9.2,3104.0,3.0,1.0,1.0,722.0,90.0,1930.0,Boroondara,-37.7956,145.0829,Southern Metropolitan,7809.0
Burwood,15 Loudon Rd,5,h,1590000.0,S,Jellis,3/09/2016,11.7,3125.0,4.0,3.0,2.0,661.0,253.0,1940.0,Whitehorse,-37.848,145.09799999999996,Southern Metropolitan,5678.0
Ashwood,4 Scenic Dr,4,h,1500000.0,S,Fletchers,6/08/2016,12.2,3147.0,2.0,2.0,2.0,621.0,203.0,2000.0,Monash,-37.8647,145.1023,Southern Metropolitan,2894.0
Ashwood,4/36 Queens Pde,2,u,600000.0,S,Noel,18/03/2017,12.2,3147.0,2.0,1.0,1.0,153.0,80.0,1970.0,Monash,-37.8696,145.0962,Southern Metropolitan,2894.0
Camberwell,13 Grace St,3,h,1622000.0,SP,Noel,12/11/2016,7.8,3124.0,3.0,1.0,1.0,544.0,160.0,1930.0,Boroondara,-37.8436,145.0581,Southern Metropolitan,8920.0
Bentleigh East,23 Yarraburn Cl,4,h,1100000.0,S,Hodges,14/05/2016,13.9,3165.0,4.0,2.0,1.0,274.0,190.0,2004.0,Glen Eira,-37.9257,145.0735,Southern Metropolitan,10969.0
Albert Park,24 Kerferd Pl,3,h,1800000.0,S,Marshall,10/09/2016,3.3,3206.0,3.0,2.0,1.0,90.0,122.0,1900.0,Port Phillip,-37.8421,144.9571,Southern Metropolitan,3280.0
Balwyn North,12 Clifton St,4,h,1720000.0,PI,Marshall,18/03/2017,9.2,3104.0,4.0,3.0,2.0,869.0,170.0,1950.0,Boroondara,-37.8002,145.0999,Southern Metropolitan,7809.0
Coburg,12 Gordon St,4,h,865000.0,S,Brad,16/04/2016,7.8,3058.0,4.0,1.0,1.0,452.0,125.0,1925.0,Moreland,-37.7525,144.94799999999995,Northern Metropolitan,11204.0
Camberwell,49 Christowel St,5,h,2600000.0,VB,Marshall,3/12/2016,7.8,3124.0,5.0,4.0,1.0,708.0,348.0,1940.0,Boroondara,-37.8386,145.067,Southern Metropolitan,8920.0
Clifton Hill,413a Wellington St,2,h,1209000.0,S,Jellis,8/10/2016,3.4,3068.0,2.0,1.0,1.0,140.0,97.0,1910.0,Yarra,-37.7919,144.9884,Northern Metropolitan,2954.0
Brighton,686A Hampton St,4,t,2250000.0,SP,Marshall,27/11/2016,11.2,3186.0,4.0,2.0,2.0,230.0,281.0,2012.0,Bayside,-37.9237,145.0056,Southern Metropolitan,10579.0
Brighton,17 Rusden St,4,h,1500000.0,VB,Hodges,30/07/2016,11.2,3186.0,3.0,2.0,1.0,549.0,195.0,1990.0,Bayside,-37.8869,144.9982,Southern Metropolitan,10579.0
Box Hill,15 Davey St,3,h,948000.0,S,Ray,12/11/2016,13.1,3128.0,3.0,1.0,2.0,384.0,108.0,1950.0,Whitehorse,-37.8167,145.1373,Eastern Metropolitan,4605.0
Balwyn,40 Metung St,5,h,2800000.0,VB,Marshall,4/06/2016,9.7,3103.0,5.0,3.0,2.0,678.0,349.0,2001.0,Boroondara,-37.8048,145.0708,Southern Metropolitan,5682.0
Brighton East,2/5 Camperdown St,2,u,905000.0,S,Hodges,15/10/2016,10.7,3187.0,2.0,1.0,2.0,189.0,93.0,1980.0,Bayside,-37.9172,145.0072,Southern Metropolitan,6938.0
Carnegie,3/64 Woornack Rd,3,t,860000.0,S,Buxton,27/06/2016,11.4,3163.0,3.0,1.0,2.0,277.0,135.0,1978.0,Glen Eira,-37.8978,145.0624,Southern Metropolitan,7822.0
Brunswick,2/123 Brunswick Rd,3,t,640000.0,PI,Walshe,27/06/2016,5.2,3056.0,3.0,2.0,1.0,110.0,118.0,2000.0,Moreland,-37.7776,144.9691,Northern Metropolitan,11918.0
Balwyn,1/32 Yerrin St,3,t,1472000.0,S,Noel,16/07/2016,9.7,3103.0,3.0,2.0,2.0,306.0,170.0,1995.0,Boroondara,-37.8106,145.0848,Southern Metropolitan,5682.0
Brighton,86 Dendy St,5,h,3105000.0,S,Marshall,28/08/2016,11.2,3186.0,4.0,2.0,2.0,1045.0,304.0,1930.0,Bayside,-37.9205,145.0012,Southern Metropolitan,10579.0
Armadale,367 Dandenong Rd,6,h,5525000.0,S,Marshall,17/09/2016,6.3,3143.0,5.0,3.0,4.0,1491.0,516.0,1935.0,Stonnington,-37.8602,145.013,Southern Metropolitan,4836.0
Carnegie,6 Longstaff St,4,h,1501000.0,S,Gary,14/05/2016,11.4,3163.0,3.0,2.0,1.0,598.0,201.0,1970.0,Glen Eira,-37.9037,145.0588,Southern Metropolitan,7822.0
Coburg,23 Berry St,3,h,1278000.0,S,Peter,16/07/2016,7.8,3058.0,3.0,2.0,3.0,405.0,156.0,1930.0,Moreland,-37.7464,144.959,Northern Metropolitan,11204.0
Camberwell,2/25 Hazel St,2,u,900000.0,S,Jellis,17/09/2016,7.8,3124.0,2.0,1.0,1.0,150.0,88.0,1970.0,Boroondara,-37.8438,145.066,Southern Metropolitan,8920.0
Bentleigh East,11 Melball St,3,h,1266000.0,S,hockingstuart,24/09/2016,13.9,3165.0,3.0,1.0,3.0,676.0,146.0,1970.0,Glen Eira,-37.9307,145.0531,Southern Metropolitan,10969.0
Ashwood,1/16 Raymond St,3,t,900500.0,S,Jellis,27/11/2016,12.2,3147.0,3.0,2.0,2.0,256.0,134.0,2012.0,Monash,-37.8655,145.1096,Southern Metropolitan,2894.0
Altona,1/123 Blyth St,2,t,720000.0,S,hockingstuart,4/02/2016,13.8,3018.0,2.0,1.0,2.0,292.0,125.0,2013.0,Hobsons Bay,-37.8687,144.8197,Western Metropolitan,5301.0
Burwood,25 Greenwood St,4,h,1682000.0,S,Jellis,8/10/2016,11.7,3125.0,4.0,2.0,1.0,921.0,174.0,1950.0,Whitehorse,-37.8494,145.1291,Southern Metropolitan,5678.0
Camberwell,2 Thomas St,3,h,1690000.0,PI,hockingstuart,4/06/2016,7.8,3124.0,3.0,2.0,1.0,777.0,154.0,1950.0,Boroondara,-37.8431,145.0962,Southern Metropolitan,8920.0
Brunswick West,542 Albion St,5,h,1200000.0,PI,Jellis,22/08/2016,5.9,3055.0,5.0,2.0,3.0,553.0,193.0,1920.0,Moreland,-37.7576,144.9348,Northern Metropolitan,7082.0
Coburg,33 Wellington St,3,h,860000.0,S,Peter,4/06/2016,7.8,3058.0,3.0,1.0,1.0,283.0,109.0,1915.0,Moreland,-37.7416,144.9582,Northern Metropolitan,11204.0
Carnegie,1/3 Coorigil Rd,3,h,1360000.0,S,Woodards,19/11/2016,11.4,3163.0,3.0,2.0,2.0,282.0,182.0,2010.0,Glen Eira,-37.8953,145.0567,Southern Metropolitan,7822.0
Brighton,3A Huntingfield Rd,3,h,2900000.0,S,Nick,27/11/2016,11.2,3186.0,3.0,1.0,1.0,659.0,161.0,1942.0,Bayside,-37.919,144.9953,Southern Metropolitan,10579.0
Box Hill,19 Kent Rd,3,h,928000.0,S,Lindellas,18/06/2016,13.1,3128.0,3.0,1.0,1.0,307.0,106.0,1890.0,Whitehorse,-37.8247,145.1206,Eastern Metropolitan,4605.0
Brighton,95 Cochrane St,4,h,3295888.0,S,Hodges,15/10/2016,11.2,3186.0,4.0,3.0,2.0,565.0,337.0,1990.0,Bayside,-37.8975,144.9991,Southern Metropolitan,10579.0
Balwyn North,3 Dumblane St,5,h,3300000.0,PI,hockingstuart,3/12/2016,9.2,3104.0,5.0,4.0,2.0,760.0,477.0,2015.0,Boroondara,-37.7907,145.0907,Southern Metropolitan,7809.0
Brunswick West,12 Hamilton St,2,h,820000.0,S,Jellis,26/07/2016,5.9,3055.0,3.0,1.0,1.0,206.0,98.0,1900.0,Moreland,-37.7604,144.9488,Northern Metropolitan,7082.0
Bulleen,71 Summit Dr,4,h,1000000.0,VB,hockingstuart,16/04/2016,11.8,3105.0,4.0,2.0,3.0,672.0,212.0,1970.0,Manningham,-37.7689,145.0895,Eastern Metropolitan,4480.0
Coburg,4/44 Victoria St,2,u,653000.0,SP,Peter,10/09/2016,7.8,3058.0,2.0,1.0,1.0,129.0,107.0,2012.0,Moreland,-37.7422,144.9606,Northern Metropolitan,11204.0
Burwood,30 Station St,3,h,1755000.0,S,Buxton,4/02/2016,11.7,3125.0,3.0,1.0,1.0,931.0,145.0,1970.0,Whitehorse,-37.854,145.1195,Southern Metropolitan,5678.0
Coburg,203 Munro St,4,h,1400000.0,S,RE,18/06/2016,7.8,3058.0,4.0,1.0,1.0,856.0,189.0,1970.0,Moreland,-37.7432,144.9481,Northern Metropolitan,11204.0
Balwyn,2/16 Westminster St,2,t,1255000.0,S,Noel,3/09/2016,9.7,3103.0,2.0,1.0,1.0,208.0,129.0,2000.0,Boroondara,-37.8128,145.0975,Southern Metropolitan,5682.0
Bentleigh East,2/5 Connie St,3,u,870000.0,S,Woodards,24/09/2016,13.9,3165.0,3.0,2.0,2.0,365.0,150.0,2011.0,Glen Eira,-37.9225,145.0754,Southern Metropolitan,10969.0
Brighton East,133A Centre Rd,4,h,1310000.0,PI,hockingstuart,3/12/2016,10.7,3187.0,4.0,3.0,2.0,618.0,213.0,2008.0,Bayside,-37.9162,145.0219,Southern Metropolitan,6938.0
Brighton East,4 Marriage Rd,4,h,1850000.0,S,Nick,3/09/2016,10.7,3187.0,4.0,2.0,2.0,617.0,268.0,1940.0,Bayside,-37.9187,145.007,Southern Metropolitan,6938.0
Brunswick,25 Gray St,4,h,1755000.0,S,Jellis,28/08/2016,5.2,3056.0,4.0,2.0,1.0,354.0,199.0,1910.0,Moreland,-37.7745,144.9523,Northern Metropolitan,11918.0
Brunswick,175 Edward St,3,h,1261000.0,S,Nelson,16/04/2016,5.2,3056.0,2.0,1.0,1.0,216.0,100.0,1910.0,Moreland,-37.7746,144.9697,Northern Metropolitan,11918.0
Carlton North,1018 Drummond St,4,h,2520000.0,S,Nelson,16/04/2016,3.2,3054.0,4.0,2.0,2.0,504.0,168.0,1890.0,Yarra,-37.7805,144.9721,Northern Metropolitan,3106.0
Ashwood,35 Douglas St,3,h,1365000.0,S,Fletchers,10/09/2016,12.2,3147.0,3.0,1.0,1.0,792.0,792.0,1950.0,Monash,-37.864,145.0972,Southern Metropolitan,2894.0
Bentleigh East,2/119 Marlborough St,2,u,655000.0,S,hockingstuart,18/06/2016,13.9,3165.0,2.0,1.0,1.0,154.0,80.0,2000.0,Glen Eira,-37.9079,145.0685,Southern Metropolitan,10969.0
Brunswick,69 Glenlyon Rd,3,h,1210000.0,S,Nelson,28/08/2016,5.2,3056.0,3.0,2.0,1.0,280.0,130.0,1890.0,Moreland,-37.7719,144.9661,Northern Metropolitan,11918.0
Bentleigh East,1/6 Richard St,2,u,651000.0,S,Gary,7/05/2016,13.9,3165.0,2.0,1.0,1.0,265.0,150.0,1960.0,Glen Eira,-37.9223,145.0747,Southern Metropolitan,10969.0
Ascot Vale,98 Epsom Rd,3,h,971000.0,SP,Nelson,4/06/2016,5.9,3032.0,3.0,2.0,2.0,285.0,128.0,1900.0,Moonee Valley,-37.775,144.9091,Western Metropolitan,6567.0
Brighton,1/119 Roslyn St,3,t,1725000.0,PI,Buxton,4/03/2017,11.2,3186.0,3.0,2.0,2.0,411.0,225.0,1997.0,Bayside,-37.918,145.0035,Southern Metropolitan,10579.0
Bentleigh,33 Luckins Rd,3,h,1328000.0,S,Woodards,15/10/2016,13.0,3204.0,3.0,2.0,2.0,690.0,245.0,1970.0,Glen Eira,-37.9317,145.0469,Southern Metropolitan,6795.0
Balwyn,17 Knutsford St,3,h,3401000.0,S,Jellis,27/11/2016,9.7,3103.0,3.0,2.0,1.0,706.0,166.0,1930.0,Boroondara,-37.8161,145.0748,Southern Metropolitan,5682.0
Bentleigh East,2/41 Elizabeth St,3,t,860000.0,VB,Buxton,12/11/2016,13.9,3165.0,3.0,2.0,1.0,254.0,117.0,1995.0,Glen Eira,-37.9227,145.0558,Southern Metropolitan,10969.0
Brunswick West,53 Heller St,4,h,1150000.0,VB,Nelson,28/05/2016,5.9,3055.0,4.0,1.0,2.0,519.0,169.0,1910.0,Moreland,-37.7747,144.9474,Northern Metropolitan,7082.0
Bentleigh,8 Rose St,4,h,2435000.0,S,Buxton,6/08/2016,13.0,3204.0,3.0,2.0,2.0,795.0,250.0,1928.0,Glen Eira,-37.9166,145.0314,Southern Metropolitan,6795.0
Bulleen,38 Balwyn Rd,3,h,905000.0,S,Barry,10/12/2016,11.8,3105.0,3.0,3.0,2.0,401.0,165.0,1965.0,Manningham,-37.7733,145.0901,Eastern Metropolitan,4480.0
Balwyn North,14 Dumblane St,5,h,1750000.0,PI,RW,15/10/2016,9.2,3104.0,5.0,2.0,2.0,710.0,170.0,1955.0,Boroondara,-37.7907,145.0916,Southern Metropolitan,7809.0
Brunswick,14 Murdock St,3,h,976000.0,S,Jellis,14/05/2016,5.2,3056.0,3.0,2.0,1.0,240.0,162.0,2005.0,Moreland,-37.756,144.9587,Northern Metropolitan,11918.0
Bentleigh East,12 Millard St,4,h,1115000.0,SP,Buxton,19/11/2016,13.9,3165.0,4.0,2.0,2.0,575.0,160.0,1960.0,Glen Eira,-37.9274,145.0654,Southern Metropolitan,10969.0
Bentleigh East,19 Denver St,5,h,1275000.0,SP,Buxton,3/12/2016,13.9,3165.0,5.0,2.0,2.0,683.0,190.0,1960.0,Glen Eira,-37.9333,145.0602,Southern Metropolitan,10969.0
Albert Park,49 Page St,3,h,2000000.0,PI,Marshall,24/09/2016,3.3,3206.0,3.0,1.0,1.0,238.0,131.0,1890.0,Port Phillip,-37.8461,144.9528,Southern Metropolitan,3280.0
Bentleigh East,13 Claronga St,3,h,885000.0,S,C21,4/06/2016,13.9,3165.0,3.0,1.0,2.0,565.0,110.0,1950.0,Glen Eira,-37.9262,145.0808,Southern Metropolitan,10969.0
Balwyn North,2 Tudor Ct,7,h,2600000.0,PI,Barry,14/05/2016,9.2,3104.0,5.0,3.0,3.0,637.0,529.0,2008.0,Boroondara,-37.7898,145.0967,Southern Metropolitan,7809.0
Balwyn,262 Union Rd,4,h,3290000.0,S,Jellis,22/05/2016,9.7,3103.0,4.0,3.0,2.0,1007.0,350.0,1910.0,Boroondara,-37.8135,145.0995,Southern Metropolitan,5682.0
Carnegie,5/33 Gnarwyn Rd,2,u,632500.0,S,Buxton,28/05/2016,11.4,3163.0,2.0,1.0,1.0,99.0,98.0,1965.0,Glen Eira,-37.8946,145.0588,Southern Metropolitan,7822.0
Carnegie,4 Vine Gr,4,h,1830000.0,S,Gary,10/09/2016,11.4,3163.0,3.0,2.0,2.0,687.0,237.0,1983.0,Glen Eira,-37.8931,145.0479,Southern Metropolitan,7822.0
Ascot Vale,4 The Parade,2,h,950000.0,SP,Raine,7/05/2016,5.9,3032.0,2.0,1.0,1.0,173.0,102.0,1900.0,Moonee Valley,-37.7731,144.9206,Western Metropolitan,6567.0
Brighton East,1 Alexander St,3,h,1301000.0,SP,Buxton,12/11/2016,10.7,3187.0,3.0,2.0,2.0,401.0,121.0,1926.0,Bayside,-37.9062,145.0173,Southern Metropolitan,6938.0
Clifton Hill,85 Roseneath St,2,h,1105000.0,S,Harrington,8/10/2016,3.4,3068.0,2.0,1.0,1.0,185.0,84.0,1910.0,Yarra,-37.7927,144.9981,Northern Metropolitan,2954.0
Brunswick,32 Lobb St,3,t,820000.0,SP,Jellis,25/02/2017,5.2,3056.0,3.0,2.0,2.0,4668.0,126.0,2011.0,Moreland,-37.7687,144.9649,Northern Metropolitan,11918.0
Burwood,18 Brockhoff Dr,4,h,1250000.0,SA,Barry,24/09/2016,11.7,3125.0,4.0,2.0,2.0,499.0,220.0,2005.0,Monash,-37.8593,145.1101,Southern Metropolitan,5678.0
Ascot Vale,75 Maribyrnong Rd,6,h,2425000.0,PI,Brad,4/06/2016,5.9,3032.0,6.0,3.0,2.0,1014.0,435.0,1887.0,Moonee Valley,-37.7721,144.9184,Western Metropolitan,6567.0
Ashburton,4 Vears Rd,3,h,1830000.0,S,Jellis,25/02/2017,11.0,3147.0,3.0,2.0,3.0,724.0,168.0,1940.0,Boroondara,-37.8619,145.0879,Southern Metropolitan,3052.0
Camberwell,68 Bowen St,3,h,3400000.0,S,Jellis,25/02/2017,7.8,3124.0,3.0,2.0,4.0,877.0,146.0,1960.0,Boroondara,-37.8437,145.0623,Southern Metropolitan,8920.0
Clifton Hill,11 Page St,3,h,1370000.0,S,Collins,13/08/2016,3.4,3068.0,3.0,2.0,1.0,176.0,135.0,1890.0,Yarra,-37.7921,144.9898,Northern Metropolitan,2954.0
Balwyn North,15 Illawarra Rd,3,h,1903000.0,S,Noel,16/07/2016,9.2,3104.0,3.0,1.0,2.0,713.0,720.0,1950.0,Boroondara,-37.7982,145.0816,Southern Metropolitan,7809.0
Camberwell,13 Smith Rd,3,h,2177000.0,S,Kay,22/08/2016,7.8,3124.0,3.0,1.0,2.0,635.0,130.0,1920.0,Boroondara,-37.8454,145.0707,Southern Metropolitan,8920.0
Brighton,40 Whyte St,3,h,1785000.0,SP,Buxton,12/11/2016,11.2,3186.0,3.0,2.0,1.0,404.0,118.0,1953.0,Bayside,-37.9228,144.9996,Southern Metropolitan,10579.0
Clifton Hill,17 Myrtle St,2,h,1435000.0,S,Nelson,10/09/2016,3.4,3068.0,2.0,1.0,2.0,239.0,96.0,1900.0,Yarra,-37.7918,144.997,Northern Metropolitan,2954.0
Abbotsford,27 Charles St,2,h,1030000.0,S,Biggin,30/07/2016,2.5,3067.0,2.0,1.0,1.0,172.0,81.0,1930.0,Yarra,-37.8086,144.9946,Northern Metropolitan,4019.0
Caulfield South,89 Clarence St,2,h,1340000.0,S,Buxton,24/09/2016,9.3,3162.0,2.0,1.0,1.0,505.0,117.0,1940.0,Glen Eira,-37.8928,145.0149,Southern Metropolitan,5051.0
Bentleigh East,87 Parkmore Rd,4,h,1415000.0,S,Buxton,10/09/2016,13.9,3165.0,4.0,2.0,2.0,604.0,177.0,1970.0,Glen Eira,-37.9153,145.0707,Southern Metropolitan,10969.0
Brighton East,5 Arnot St,3,t,1230000.0,S,hockingstuart,28/05/2016,10.7,3187.0,3.0,2.0,2.0,297.0,193.0,1980.0,Bayside,-37.9124,145.0132,Southern Metropolitan,6938.0
Brighton East,3/127 Dendy St,2,u,692000.0,S,Buxton,26/07/2016,10.7,3187.0,2.0,1.0,1.0,74.0,66.0,1960.0,Bayside,-37.9207,145.0079,Southern Metropolitan,6938.0
Brighton,5 Bridge St,3,h,1650000.0,S,Hodges,12/11/2016,11.2,3186.0,3.0,2.0,1.0,354.0,143.0,1910.0,Bayside,-37.8916,145.0017,Southern Metropolitan,10579.0
Altona,3/26 Grieve Pde,2,u,510000.0,S,Village,10/09/2016,13.8,3018.0,2.0,1.0,1.0,127.0,76.0,1990.0,Hobsons Bay,-37.8686,144.8182,Western Metropolitan,5301.0
Caulfield South,22 Sycamore St,3,h,1450000.0,S,RT,13/08/2016,9.3,3162.0,2.0,2.0,1.0,478.0,120.0,1925.0,Glen Eira,-37.8893,145.0161,Southern Metropolitan,5051.0
Bentleigh,23 Yawla St,3,h,1500000.0,PI,hockingstuart,7/05/2016,13.0,3204.0,3.0,2.0,1.0,565.0,222.0,1940.0,Glen Eira,-37.9134,145.0263,Southern Metropolitan,6795.0
Armadale,75 Sutherland Rd,3,h,1285000.0,S,Marshall,25/02/2017,6.3,3143.0,3.0,1.0,2.0,186.0,80.0,1920.0,Stonnington,-37.8554,145.0173,Southern Metropolitan,4836.0
Balwyn,38 Frederick St,4,h,2730000.0,S,RT,15/10/2016,9.7,3103.0,4.0,3.0,2.0,674.0,336.0,1997.0,Boroondara,-37.8068,145.0786,Southern Metropolitan,5682.0
Carnegie,2/33 Oakleigh Rd,2,t,930000.0,S,hockingstuart,10/12/2016,11.4,3163.0,2.0,2.0,1.0,166.0,170.0,2009.0,Glen Eira,-37.8982,145.0488,Southern Metropolitan,7822.0
Box Hill,32 Margaret St,4,h,1620000.0,S,hockingstuart,3/09/2016,13.1,3128.0,4.0,2.0,2.0,697.0,255.0,1940.0,Whitehorse,-37.8151,145.135,Eastern Metropolitan,4605.0
Brighton East,9 Montgomery St,4,h,2820000.0,S,Buxton,27/11/2016,10.7,3187.0,4.0,4.0,4.0,509.0,337.0,1960.0,Bayside,-37.9172,145.0214,Southern Metropolitan,6938.0
Balwyn,33 Power St,4,h,1700000.0,VB,Marshall,30/07/2016,9.7,3103.0,3.0,1.0,1.0,672.0,115.0,1935.0,Boroondara,-37.8099,145.0792,Southern Metropolitan,5682.0
Avondale Heights,72 Military Rd,4,h,680000.0,PI,Nelson,24/09/2016,10.5,3034.0,4.0,2.0,2.0,554.0,140.0,1960.0,Moonee Valley,-37.7649,144.8633,Western Metropolitan,4502.0
Bentleigh,11 Wilson St,4,h,2520000.0,PI,Buxton,22/08/2016,13.0,3204.0,4.0,4.0,2.0,579.0,361.0,2012.0,Glen Eira,-37.9155,145.0243,Southern Metropolitan,6795.0
Brighton,12 May St,4,h,2800000.0,S,Biggin,18/03/2017,11.2,3186.0,4.0,2.0,4.0,569.0,229.0,1910.0,Bayside,-37.8962,145.0011,Southern Metropolitan,10579.0
Brunswick,3/30 Heller St,2,t,801000.0,S,Jellis,25/02/2017,5.2,3056.0,2.0,2.0,1.0,156.0,87.0,2007.0,Moreland,-37.7744,144.9498,Northern Metropolitan,11918.0
Bentleigh,2/1 Corbie St,3,t,825000.0,S,Buxton,18/03/2017,13.0,3204.0,3.0,2.0,2.0,147.0,149.0,2007.0,Glen Eira,-37.9317,145.0352,Southern Metropolitan,6795.0
Altona North,5 Binns St,3,h,710000.0,PI,Village,7/11/2016,11.1,3025.0,3.0,1.0,3.0,540.0,116.0,1960.0,Hobsons Bay,-37.8294,144.8378,Western Metropolitan,5132.0
Chadstone,2 Fitzroy Gr,4,h,1415500.0,S,hockingstuart,22/05/2016,13.6,3148.0,3.0,2.0,1.0,1033.0,164.0,1950.0,Monash,-37.8738,145.1095,Southern Metropolitan,3582.0
Ashburton,1/1 Nairn St,3,h,1518000.0,S,Jellis,10/09/2016,11.0,3147.0,3.0,2.0,2.0,516.0,145.0,1920.0,Boroondara,-37.8675,145.0668,Southern Metropolitan,3052.0
Braybrook,14 Rose St,3,h,565000.0,S,Nelson,27/11/2016,10.8,3019.0,3.0,2.0,1.0,566.0,78.0,1970.0,Maribyrnong,-37.7844,144.8523,Western Metropolitan,3589.0
Coburg,13 Carron St,2,t,635000.0,S,Ray,18/03/2017,7.8,3058.0,2.0,1.0,1.0,97.0,95.0,2014.0,Moreland,-37.7516,144.9623,Northern Metropolitan,11204.0
Bentleigh East,1/38 Kennedy St,4,t,1045000.0,S,Buxton,18/06/2016,13.9,3165.0,4.0,2.0,1.0,316.0,190.0,2010.0,Glen Eira,-37.9198,145.0789,Southern Metropolitan,10969.0
Armadale,63 Denbigh Rd,3,h,1900000.0,S,Marshall,22/05/2016,6.3,3143.0,3.0,1.0,2.0,328.0,108.0,1900.0,Stonnington,-37.8559,145.0158,Southern Metropolitan,4836.0
Ascot Vale,6 Waller Ct,3,h,786000.0,S,Brad,26/07/2016,5.9,3032.0,3.0,2.0,1.0,576.0,120.0,1940.0,Moonee Valley,-37.7816,144.9217,Western Metropolitan,6567.0
Bentleigh East,2/16 Bessie St,3,u,770000.0,PI,hockingstuart,25/02/2017,13.9,3165.0,3.0,2.0,1.0,281.0,132.0,2005.0,Glen Eira,-37.9257,145.0811,Southern Metropolitan,10969.0
Clifton Hill,32 Caroline St,4,h,3010000.0,S,Collins,10/09/2016,3.4,3068.0,4.0,3.0,2.0,382.0,250.0,1903.0,Yarra,-37.7897,144.9992,Northern Metropolitan,2954.0
Brighton East,200 South Rd,4,h,1920000.0,S,Nick,11/02/2017,10.7,3187.0,4.0,1.0,1.0,1000.0,203.0,1960.0,Bayside,-37.931,145.0163,Southern Metropolitan,6938.0
Bentleigh,17 Smith St,6,h,1900000.0,S,hockingstuart,27/11/2016,13.0,3204.0,6.0,3.0,2.0,708.0,275.0,1988.0,Glen Eira,-37.9181,145.04399999999995,Southern Metropolitan,6795.0
Balwyn North,25 Bolinda Rd,4,h,1905000.0,S,Noel,3/12/2016,9.2,3104.0,4.0,2.0,2.0,647.0,185.0,1955.0,Boroondara,-37.7917,145.0868,Southern Metropolitan,7809.0
Caulfield North,8/359 Balaclava Rd,1,u,290000.0,VB,hockingstuart,10/12/2016,8.1,3161.0,1.0,1.0,1.0,952.0,43.0,1970.0,Glen Eira,-37.8744,145.0371,Southern Metropolitan,6923.0
Brighton East,375 South Rd,5,h,1200000.0,VB,hockingstuart,7/05/2016,10.7,3187.0,5.0,2.0,5.0,775.0,270.0,1920.0,Bayside,-37.932,145.0284,Southern Metropolitan,6938.0
Bentleigh,72 Daley St,4,h,1281000.0,S,hockingstuart,28/08/2016,13.0,3204.0,3.0,1.0,5.0,594.0,150.0,1940.0,Glen Eira,-37.9206,145.0383,Southern Metropolitan,6795.0
Bentleigh East,3 Belinda Ct,4,h,1015000.0,S,C21,28/08/2016,13.9,3165.0,4.0,2.0,3.0,625.0,198.0,1997.0,Glen Eira,-37.9374,145.0726,Southern Metropolitan,10969.0
Abbotsford,78 Yarra St,3,h,1176500.0,S,LITTLE,16/07/2016,2.5,3067.0,2.0,1.0,1.0,138.0,105.0,1890.0,Yarra,-37.8021,144.9965,Northern Metropolitan,4019.0
Brunswick,2/18 De Carle St,2,t,754000.0,S,Nelson,24/09/2016,5.2,3056.0,2.0,2.0,1.0,177.0,105.0,2000.0,Moreland,-37.7625,144.9653,Northern Metropolitan,11918.0
Brighton,58 Champion St,4,h,2640000.0,S,Hodges,26/07/2016,11.2,3186.0,4.0,2.0,2.0,848.0,246.0,1975.0,Bayside,-37.9234,145.0042,Southern Metropolitan,10579.0
Abbotsford,3/72 Charles St,4,h,1330000.0,PI,Kay,18/03/2017,2.5,3067.0,4.0,2.0,2.0,780.0,135.0,1900.0,Yarra,-37.8073,144.9952,Northern Metropolitan,4019.0
Braybrook,2/10 Skewes St,3,u,495000.0,S,Bells,4/06/2016,10.8,3019.0,3.0,2.0,1.0,327.0,124.0,2006.0,Maribyrnong,-37.7851,144.8517,Western Metropolitan,3589.0
Abbotsford,48 Abbotsford St,3,h,1447500.0,PI,Nelson,22/08/2016,2.5,3067.0,3.0,3.0,1.0,166.0,174.0,2012.0,Yarra,-37.8017,145.0001,Northern Metropolitan,4019.0
Balwyn,26 Wills St,4,h,2000000.0,PI,hockingstuart,27/06/2016,9.7,3103.0,3.0,1.0,2.0,739.0,291.0,1930.0,Boroondara,-37.8039,145.0631,Southern Metropolitan,5682.0
Brighton East,16/373 South Rd,2,u,775000.0,S,Buxton,7/11/2016,10.7,3187.0,2.0,1.0,1.0,112.0,90.0,1960.0,Bayside,-37.9306,145.0284,Southern Metropolitan,6938.0
Balwyn North,16 Sylvan St,4,t,1680000.0,S,Noel,18/03/2017,9.2,3104.0,4.0,3.0,1.0,362.0,200.0,2014.0,Boroondara,-37.7987,145.0788,Southern Metropolitan,7809.0
Ascot Vale,18/54 Epsom Rd,2,u,390000.0,PI,Jellis,25/02/2017,5.9,3032.0,2.0,1.0,1.0,1957.0,69.0,2012.0,Moonee Valley,-37.7731,144.9074,Western Metropolitan,6567.0
Balwyn,47 Naroo St,3,h,1750000.0,VB,Jellis,27/11/2016,9.7,3103.0,3.0,2.0,3.0,613.0,193.0,1943.0,Boroondara,-37.8056,145.0688,Southern Metropolitan,5682.0
Brighton,97 Dendy St,5,h,2730000.0,S,Gary,14/05/2016,11.2,3186.0,5.0,3.0,2.0,895.0,423.0,1938.0,Bayside,-37.9204,145.0028,Southern Metropolitan,10579.0
Ashwood,95 Huntingdale Rd,4,h,1100000.0,VB,Tim,10/12/2016,12.2,3147.0,3.0,2.0,2.0,803.0,152.0,1970.0,Monash,-37.8621,145.1126,Southern Metropolitan,2894.0
Caulfield North,25 Malvern Gr,3,h,2005000.0,PI,Jellis,7/05/2016,8.1,3161.0,4.0,2.0,3.0,361.0,237.0,2014.0,Glen Eira,-37.8694,145.0296,Southern Metropolitan,6923.0
Braybrook,11/1 Windsor St,2,t,475000.0,S,Barry,25/02/2017,10.8,3019.0,2.0,1.0,1.0,115.0,104.0,1980.0,Maribyrnong,-37.7948,144.85399999999996,Western Metropolitan,3589.0
Bentleigh,11 Rogers Rd,3,h,1425000.0,S,Buxton,3/12/2016,13.0,3204.0,3.0,2.0,2.0,613.0,143.0,1960.0,Glen Eira,-37.9311,145.0428,Southern Metropolitan,6795.0
Braybrook,21 Hughes St,3,h,575000.0,S,Trimson,10/12/2016,10.8,3019.0,3.0,1.0,3.0,559.0,98.0,1955.0,Maribyrnong,-37.7923,144.852,Western Metropolitan,3589.0
Brunswick,7 Louisa St,3,h,1020000.0,SP,Jellis,27/11/2016,5.2,3056.0,3.0,1.0,3.0,308.0,119.0,1943.0,Moreland,-37.7649,144.9641,Northern Metropolitan,11918.0
Box Hill,5 Wavell St,3,h,1400000.0,S,hockingstuart,15/10/2016,13.1,3128.0,3.0,2.0,1.0,643.0,159.0,1940.0,Whitehorse,-37.8285,145.1272,Eastern Metropolitan,4605.0
Brunswick West,1/572 Moreland Rd,3,t,797500.0,S,Nelson,11/02/2017,5.9,3055.0,3.0,2.0,2.0,262.0,155.0,2010.0,Moreland,-37.7519,144.9324,Northern Metropolitan,7082.0
Ascot Vale,12 Mirams St,4,h,890000.0,SP,Raine,10/12/2016,5.9,3032.0,4.0,1.0,1.0,300.0,185.0,1890.0,Moonee Valley,-37.7766,144.9143,Western Metropolitan,6567.0
Armadale,25 Llaneast St,4,h,2200000.0,PI,Jellis,15/10/2016,6.3,3143.0,4.0,1.0,2.0,495.0,163.0,1900.0,Stonnington,-37.8613,145.0264,Southern Metropolitan,4836.0
Clifton Hill,3/30 Edmund St,2,u,495000.0,S,iTRAK,13/08/2016,3.4,3068.0,2.0,1.0,1.0,515.0,50.0,1970.0,Yarra,-37.7875,145.0049,Northern Metropolitan,2954.0
Bentleigh East,12 Barrani St,3,h,1050000.0,S,Woodards,16/04/2016,13.9,3165.0,3.0,1.0,4.0,726.0,131.0,1950.0,Glen Eira,-37.9117,145.0695,Southern Metropolitan,10969.0
Altona,5/8 David St,2,u,580000.0,PI,Biggin,16/07/2016,13.8,3018.0,2.0,2.0,1.0,175.0,76.0,2013.0,Hobsons Bay,-37.8687,144.8268,Western Metropolitan,5301.0
Avondale Heights,20 Westminster Dr,3,h,892500.0,S,Nelson,22/05/2016,10.5,3034.0,3.0,1.0,1.0,586.0,118.0,1965.0,Moonee Valley,-37.7642,144.8603,Western Metropolitan,4502.0
Brunswick,29 Stewart St,4,h,2230000.0,S,Nelson,4/03/2017,5.2,3056.0,4.0,2.0,3.0,851.0,287.0,1940.0,Moreland,-37.7637,144.9662,Northern Metropolitan,11918.0
Brunswick West,9 Peacock St,4,h,921500.0,S,Ray,22/08/2016,5.9,3055.0,3.0,1.0,1.0,575.0,165.0,1930.0,Moreland,-37.7575,144.9402,Northern Metropolitan,7082.0
Camberwell,4 Range St,3,h,2000000.0,S,Jellis,12/06/2016,7.8,3124.0,3.0,1.0,2.0,821.0,105.0,1925.0,Boroondara,-37.8459,145.0644,Southern Metropolitan,8920.0
Brunswick West,16 Bakers Pde,4,h,970000.0,PI,Nelson,30/07/2016,5.9,3055.0,4.0,3.0,2.0,499.0,150.0,1925.0,Moreland,-37.7538,144.944,Northern Metropolitan,7082.0
Brighton East,2a Hurlstone St,2,t,1014000.0,S,Buxton,30/07/2016,10.7,3187.0,2.0,1.0,1.0,267.0,131.0,1990.0,Bayside,-37.9055,145.0173,Southern Metropolitan,6938.0
Carnegie,1 Frogmore Rd,3,h,1600000.0,S,Woodards,7/05/2016,11.4,3163.0,4.0,2.0,2.0,751.0,40.0,1923.0,Glen Eira,-37.8945,145.0648,Southern Metropolitan,7822.0
Bentleigh,9 Yawla St,4,h,2255000.0,S,hockingstuart,10/12/2016,13.0,3204.0,4.0,3.0,2.0,557.0,353.0,2008.0,Glen Eira,-37.9132,145.0251,Southern Metropolitan,6795.0
Bentleigh,4 Gordon St,3,h,1340000.0,S,hockingstuart,10/09/2016,13.0,3204.0,3.0,2.0,1.0,526.0,135.0,1910.0,Glen Eira,-37.9279,145.031,Southern Metropolitan,6795.0
Brighton East,4 Farmer St,2,h,1845000.0,S,Buxton,15/10/2016,10.7,3187.0,2.0,1.0,2.0,604.0,145.0,1950.0,Bayside,-37.9268,145.0094,Southern Metropolitan,6938.0
Camberwell,3/220 Warrigal Rd,2,u,435000.0,SP,LITTLE,12/11/2016,7.8,3124.0,2.0,1.0,1.0,896.0,77.0,1960.0,Boroondara,-37.8479,145.0958,Southern Metropolitan,8920.0
Brunswick,246 Victoria St,2,h,890000.0,S,Jellis,12/11/2016,5.2,3056.0,2.0,1.0,1.0,199.0,93.0,1900.0,Moreland,-37.7676,144.9659,Northern Metropolitan,11918.0
Alphington,44 Shiers St,4,h,1717500.0,S,Collins,8/10/2016,6.4,3078.0,4.0,2.0,1.0,599.0,203.0,1925.0,Darebin,-37.7717,145.031,Northern Metropolitan,2211.0
Camberwell,6 Gavan St,3,h,1780000.0,S,Fletchers,15/10/2016,7.8,3124.0,3.0,1.0,1.0,769.0,133.0,1930.0,Boroondara,-37.8482,145.0949,Southern Metropolitan,8920.0
Bentleigh East,10 Boronia St,4,h,1698888.0,S,hockingstuart,22/08/2016,13.9,3165.0,4.0,2.0,2.0,598.0,337.0,2006.0,Glen Eira,-37.9138,145.0774,Southern Metropolitan,10969.0
Ascot Vale,26 Newsom St,3,h,1000000.0,PI,Brad,12/11/2016,5.9,3032.0,3.0,2.0,2.0,440.0,120.0,1955.0,Moonee Valley,-37.7746,144.9031,Western Metropolitan,6567.0
Balwyn North,23a The Boulevard,5,h,2200000.0,VB,Noel,12/06/2016,9.2,3104.0,5.0,3.0,2.0,900.0,355.0,1955.0,Boroondara,-37.7868,145.0677,Southern Metropolitan,7809.0
Ashwood,1/2 Condah Ct,3,h,855000.0,S,Noel,25/02/2017,12.2,3147.0,3.0,2.0,1.0,320.0,85.0,1958.0,Monash,-37.87,145.1103,Southern Metropolitan,2894.0
Camberwell,3/107 Wattle Valley Rd,3,h,1650000.0,S,Marshall,3/12/2016,7.8,3124.0,3.0,2.0,2.0,305.0,189.0,1998.0,Boroondara,-37.8365,145.0802,Southern Metropolitan,8920.0
Braybrook,3 Cross St,3,h,652000.0,S,Barry,8/10/2016,10.8,3019.0,3.0,2.0,1.0,216.0,145.0,2010.0,Maribyrnong,-37.7865,144.8605,Western Metropolitan,3589.0
Coburg,109 Moreland Rd,3,h,825000.0,S,Nicholson,8/10/2016,7.8,3058.0,2.0,1.0,1.0,374.0,118.0,1910.0,Moreland,-37.7561,144.9715,Northern Metropolitan,11204.0
Balwyn,5/95 Balwyn Rd,2,u,754000.0,PI,Marshall,18/03/2017,9.7,3103.0,2.0,1.0,1.0,87.0,88.0,1990.0,Boroondara,-37.8134,145.08100000000005,Southern Metropolitan,5682.0
Coburg,16 Linda St,2,h,953000.0,S,Jellis,6/08/2016,7.8,3058.0,2.0,1.0,1.0,170.0,101.0,1890.0,Moreland,-37.7508,144.9608,Northern Metropolitan,11204.0
Brighton East,92 Thomas St,5,h,3207000.0,S,hockingstuart,10/12/2016,10.7,3187.0,5.0,5.0,3.0,1561.0,272.0,1969.0,Bayside,-37.9102,145.0245,Southern Metropolitan,6938.0
Camberwell,91 Radnor St,4,h,2030000.0,S,Jellis,28/05/2016,7.8,3124.0,4.0,2.0,2.0,686.0,210.0,1960.0,Boroondara,-37.8458,145.0611,Southern Metropolitan,8920.0
Brunswick,5 Hanover St,3,h,985000.0,S,Jellis,22/05/2016,5.2,3056.0,3.0,1.0,2.0,384.0,89.0,1940.0,Moreland,-37.7626,144.9535,Northern Metropolitan,11918.0
Caulfield North,12/378 Dandenong Rd,2,u,580000.0,SP,Abercromby's,4/03/2017,8.1,3161.0,2.0,1.0,1.0,934.0,68.0,2012.0,Glen Eira,-37.8607,145.0116,Southern Metropolitan,6923.0
Camberwell,19 Thomas St,3,h,2325000.0,PI,Marshall,7/05/2016,7.8,3124.0,3.0,2.0,2.0,1133.0,131.0,1930.0,Boroondara,-37.8426,145.0943,Southern Metropolitan,8920.0
Coburg,1 Shaftsbury St,4,h,990000.0,SP,Grantham,24/09/2016,7.8,3058.0,4.0,1.0,1.0,488.0,142.0,1930.0,Moreland,-37.7537,144.9532,Northern Metropolitan,11204.0
Brighton,66 Champion St,4,h,3900000.0,S,Nick,22/05/2016,11.2,3186.0,4.0,2.0,2.0,842.0,311.0,1990.0,Bayside,-37.9227,145.0043,Southern Metropolitan,10579.0
Coburg,10 Shackell St,3,h,784000.0,S,Nelson,3/09/2016,7.8,3058.0,2.0,1.0,1.0,286.0,110.0,1890.0,Moreland,-37.7427,144.952,Northern Metropolitan,11204.0
Chadstone,2/19 Thurloo St,4,t,881000.0,S,Ray,28/08/2016,13.6,3148.0,3.0,2.0,1.0,188.0,137.0,2014.0,Monash,-37.8781,145.0955,Southern Metropolitan,3582.0
Ascot Vale,78 The Parade,3,h,1440000.0,S,Nelson,11/02/2017,5.9,3032.0,3.0,1.0,1.0,487.0,131.0,1900.0,Moonee Valley,-37.7725,144.9146,Western Metropolitan,6567.0
Ascot Vale,95 Walter St,4,h,1480000.0,S,Raine,17/09/2016,5.9,3032.0,4.0,2.0,2.0,597.0,180.0,1939.0,Moonee Valley,-37.7757,144.9088,Western Metropolitan,6567.0
Bentleigh,8B McKittrick Rd,4,t,1320000.0,S,Buxton,27/11/2016,13.0,3204.0,4.0,3.0,3.0,346.0,220.0,2010.0,Glen Eira,-37.9294,145.041,Southern Metropolitan,6795.0
Brighton East,25 Camperdown St,5,h,2550000.0,PI,RT,15/10/2016,10.7,3187.0,5.0,3.0,2.0,551.0,346.0,2016.0,Bayside,-37.9176,145.009,Southern Metropolitan,6938.0
Brighton East,12 Meyer Ct,4,h,1825000.0,PI,Buxton,4/06/2016,10.7,3187.0,4.0,3.0,2.0,594.0,594.0,1973.0,Bayside,-37.9029,145.0118,Southern Metropolitan,6938.0
Balwyn North,11 Milfay Ct,3,h,1651000.0,S,Nelson,27/11/2016,9.2,3104.0,3.0,1.0,2.0,657.0,151.0,1960.0,Boroondara,-37.7895,145.0985,Southern Metropolitan,7809.0
Balwyn North,3/1 Corhampton Rd,2,h,685000.0,SP,Jellis,22/05/2016,9.2,3104.0,2.0,1.0,1.0,177.0,85.0,1975.0,Boroondara,-37.7935,145.0679,Southern Metropolitan,7809.0
Carnegie,2 Kokaribb Rd,2,h,930000.0,S,hockingstuart,18/06/2016,11.4,3163.0,2.0,1.0,1.0,264.0,110.0,1930.0,Glen Eira,-37.8864,145.0561,Southern Metropolitan,7822.0
Abbotsford,159 Park St,2,h,1135000.0,S,Nelson,22/08/2016,2.5,3067.0,2.0,2.0,2.0,98.0,128.0,1920.0,Yarra,-37.8005,144.9952,Northern Metropolitan,4019.0
Brighton,4/14 Brickwood St,2,u,858000.0,S,Marshall,18/03/2017,11.2,3186.0,2.0,1.0,1.0,107.0,75.0,1950.0,Bayside,-37.8958,144.9982,Southern Metropolitan,10579.0
Ashburton,9 Gona Ct,3,h,1710000.0,S,hockingstuart,10/12/2016,11.0,3147.0,3.0,1.0,2.0,806.0,101.0,1950.0,Boroondara,-37.8695,145.084,Southern Metropolitan,3052.0
Ashwood,4 Newbury Ct,3,h,1200000.0,VB,Buxton,28/05/2016,12.2,3147.0,3.0,2.0,2.0,839.0,198.0,1970.0,Monash,-37.8614,145.1098,Southern Metropolitan,2894.0
Carnegie,4/39 Kokaribb Rd,2,u,588000.0,SP,Woodards,16/07/2016,11.4,3163.0,2.0,1.0,1.0,133.0,71.0,2011.0,Glen Eira,-37.89,145.0559,Southern Metropolitan,7822.0
Balwyn North,15 Ellendale St,3,h,1038000.0,S,Christopher,28/05/2016,9.2,3104.0,3.0,2.0,1.0,207.0,144.0,2003.0,Boroondara,-37.7893,145.092,Southern Metropolitan,7809.0
Ashwood,3 Harold St,4,h,1500000.0,S,Buxton,15/10/2016,12.2,3147.0,4.0,2.0,1.0,593.0,255.0,1930.0,Monash,-37.8655,145.096,Southern Metropolitan,2894.0
Brunswick West,2/13 Walker St,2,u,471000.0,S,Jellis,4/03/2017,5.9,3055.0,2.0,1.0,1.0,564.0,60.0,1970.0,Moreland,-37.7665,144.9425,Northern Metropolitan,7082.0
Bentleigh,2/7 Gordon St,2,u,855000.0,S,hockingstuart,12/11/2016,13.0,3204.0,2.0,2.0,3.0,226.0,475.0,2005.0,Glen Eira,-37.9274,145.031,Southern Metropolitan,6795.0
Balaclava,6 Blenheim St,3,h,1193000.0,S,McGrath,18/06/2016,6.6,3183.0,3.0,1.0,1.0,178.0,100.0,1920.0,Port Phillip,-37.8663,144.9948,Southern Metropolitan,2952.0
Bentleigh East,601 South Rd,3,h,900000.0,VB,Beller,17/09/2016,13.9,3165.0,3.0,1.0,3.0,780.0,140.0,1940.0,Glen Eira,-37.9347,145.0507,Southern Metropolitan,10969.0
Bentleigh East,12 Tambet St,2,h,702000.0,PI,Buxton,13/08/2016,13.9,3165.0,2.0,1.0,1.0,591.0,102.0,1960.0,Glen Eira,-37.9179,145.071,Southern Metropolitan,10969.0
Bulleen,19 Barak St,4,h,1100000.0,PI,Barry,24/09/2016,11.8,3105.0,4.0,2.0,2.0,693.0,212.0,1975.0,Manningham,-37.7743,145.0863,Eastern Metropolitan,4480.0
Airport West,2/49 McIntosh St,2,u,500000.0,VB,Barry,4/03/2017,13.5,3042.0,2.0,1.0,1.0,168.0,86.0,2011.0,Moonee Valley,-37.7215,144.8864,Western Metropolitan,3464.0
Ascot Vale,44 The Parade,4,h,1850000.0,S,Brad,4/03/2017,5.9,3032.0,4.0,3.0,1.0,478.0,270.0,1900.0,Moonee Valley,-37.7729,144.9179,Western Metropolitan,6567.0
Carnegie,1/15 Rosstown Rd,2,u,405000.0,PI,Matthew,25/02/2017,11.4,3163.0,2.0,1.0,1.0,967.0,72.0,1970.0,Glen Eira,-37.8843,145.0531,Southern Metropolitan,7822.0
Brighton,124 Cole St,4,h,1761000.0,S,Kay,6/08/2016,11.2,3186.0,4.0,2.0,3.0,615.0,135.0,1920.0,Bayside,-37.8956,145.0026,Southern Metropolitan,10579.0
Ascot Vale,1/20 Newsom St,3,t,1050000.0,S,Jellis,19/11/2016,5.9,3032.0,3.0,2.0,2.0,318.0,160.0,2013.0,Moonee Valley,-37.7744,144.9035,Western Metropolitan,6567.0
Carnegie,44 Blackwood St,4,h,1518000.0,S,hockingstuart,28/05/2016,11.4,3163.0,3.0,3.0,2.0,454.0,275.0,2000.0,Glen Eira,-37.8869,145.0628,Southern Metropolitan,7822.0
Brighton,18 Rooding St,3,h,1635000.0,S,Buxton,3/09/2016,11.2,3186.0,3.0,1.0,2.0,366.0,156.0,1920.0,Bayside,-37.9038,145.0001,Southern Metropolitan,10579.0
Bentleigh East,54 Elizabeth St,3,h,1197000.0,S,Buxton,22/05/2016,13.9,3165.0,3.0,1.0,2.0,692.0,147.0,1949.0,Glen Eira,-37.9232,145.0563,Southern Metropolitan,10969.0
Brighton,64 North Rd,4,h,2700000.0,SP,Nick,19/11/2016,11.2,3186.0,4.0,2.0,2.0,732.0,333.0,1925.0,Bayside,-37.8987,144.9953,Southern Metropolitan,10579.0
Caulfield South,364 Kooyong Rd,4,h,1916000.0,S,Biggin,28/05/2016,9.3,3162.0,4.0,2.0,2.0,630.0,205.0,1910.0,Glen Eira,-37.8894,145.0145,Southern Metropolitan,5051.0
Brunswick,36 Charles St,4,h,1875000.0,S,Jellis,27/06/2016,5.2,3056.0,4.0,2.0,2.0,657.0,207.0,1958.0,Moreland,-37.7725,144.964,Northern Metropolitan,11918.0
Bentleigh East,1002 North Rd,3,h,823000.0,S,C21,18/03/2017,13.9,3165.0,3.0,2.0,2.0,213.0,143.0,2003.0,Glen Eira,-37.9079,145.0707,Southern Metropolitan,10969.0
Carnegie,5/35 Moonya Rd,2,u,585000.0,S,Australian,27/06/2016,11.4,3163.0,2.0,1.0,1.0,108.0,67.0,1970.0,Glen Eira,-37.8973,145.0596,Southern Metropolitan,7822.0
Bentleigh,6 Atkinson St,3,h,1293000.0,S,Buxton,15/10/2016,13.0,3204.0,3.0,1.0,1.0,632.0,108.0,1950.0,Glen Eira,-37.9282,145.0367,Southern Metropolitan,6795.0
Camberwell,532 Burke Rd,4,h,2000000.0,VB,Noel,28/08/2016,7.8,3124.0,4.0,3.0,4.0,697.0,271.0,1980.0,Boroondara,-37.836,145.056,Southern Metropolitan,8920.0
Coburg,24 Webb St,3,h,870000.0,S,Nelson,22/08/2016,7.8,3058.0,3.0,1.0,1.0,371.0,100.0,1980.0,Moreland,-37.735,144.9558,Northern Metropolitan,11204.0
Ashburton,6a Glen Rd,3,h,1662000.0,S,Jellis,14/05/2016,11.0,3147.0,3.0,2.0,2.0,351.0,228.0,2006.0,Boroondara,-37.8742,145.07,Southern Metropolitan,3052.0
Ashburton,63 Dent St,4,h,1800000.0,S,Jellis,25/02/2017,11.0,3147.0,4.0,2.0,4.0,749.0,206.0,1950.0,Boroondara,-37.8669,145.077,Southern Metropolitan,3052.0
Balwyn,36 Narrak Rd,4,h,1800000.0,VB,Marshall,3/09/2016,9.7,3103.0,4.0,2.0,2.0,715.0,218.0,1985.0,Boroondara,-37.811,145.0958,Southern Metropolitan,5682.0
Caulfield North,452 Dandenong Rd,3,h,1750000.0,S,Marshall,3/09/2016,8.1,3161.0,3.0,2.0,2.0,692.0,313.0,1955.0,Glen Eira,-37.8629,145.019,Southern Metropolitan,6923.0
Balwyn,5 Millah Rd,4,h,3270000.0,S,Fletchers,12/11/2016,9.7,3103.0,4.0,2.0,4.0,935.0,241.0,1927.0,Boroondara,-37.8157,145.0795,Southern Metropolitan,5682.0
Brunswick,25 Hardy St,4,h,1500000.0,VB,Nelson,3/12/2016,5.2,3056.0,4.0,3.0,1.0,365.0,209.0,1890.0,Moreland,-37.7624,144.9671,Northern Metropolitan,11918.0
Altona North,25 Allan St,4,h,875000.0,SP,Jas,8/10/2016,11.1,3025.0,3.0,1.0,4.0,559.0,169.0,1965.0,Hobsons Bay,-37.8448,144.8529,Western Metropolitan,5132.0
Altona,2/60 David St,2,h,535600.0,SP,Compton,30/07/2016,13.8,3018.0,2.0,1.0,1.0,154.0,91.0,1996.0,Hobsons Bay,-37.8646,144.8272,Western Metropolitan,5301.0
Camberwell,28 Brinsley Rd,4,h,2650000.0,S,Jellis,3/09/2016,7.8,3124.0,4.0,2.0,1.0,652.0,189.0,1890.0,Boroondara,-37.8286,145.0686,Southern Metropolitan,8920.0
Carnegie,8/54 Moonya Rd,1,u,346000.0,S,Woodards,4/03/2017,11.4,3163.0,1.0,1.0,1.0,60.0,48.0,1970.0,Glen Eira,-37.8965,145.0618,Southern Metropolitan,7822.0
Altona North,2/36 May St,3,h,675000.0,S,hockingstuart,14/05/2016,11.1,3025.0,3.0,2.0,2.0,171.0,109.0,2012.0,Hobsons Bay,-37.8337,144.8554,Western Metropolitan,5132.0
Ascot Vale,2/21 Harold St,2,u,490000.0,VB,Jellis,4/03/2017,5.9,3032.0,2.0,1.0,1.0,423.0,62.0,1970.0,Moonee Valley,-37.7736,144.9015,Western Metropolitan,6567.0
Bentleigh,182 Patterson Rd,3,h,1275000.0,S,Buxton,10/09/2016,13.0,3204.0,3.0,1.0,4.0,758.0,138.0,1960.0,Glen Eira,-37.9267,145.043,Southern Metropolitan,6795.0
Carnegie,2/31 Moonya Rd,2,u,600000.0,SP,Woodards,3/12/2016,11.4,3163.0,2.0,1.0,1.0,73.0,61.0,1970.0,Glen Eira,-37.897,145.0593,Southern Metropolitan,7822.0
Balwyn North,42 Maud St,3,h,1480000.0,PI,Jellis,15/10/2016,9.2,3104.0,3.0,1.0,4.0,605.0,116.0,1950.0,Boroondara,-37.7951,145.0696,Southern Metropolitan,7809.0
Braybrook,25 Errol St,4,h,550000.0,S,Barry,26/07/2016,10.8,3019.0,4.0,2.0,1.0,288.0,160.0,2000.0,Maribyrnong,-37.7775,144.855,Western Metropolitan,3589.0
Caulfield South,30 Cedar St,2,h,1001000.0,S,Biggin,26/07/2016,9.3,3162.0,2.0,2.0,1.0,255.0,85.0,1890.0,Glen Eira,-37.8887,145.0207,Southern Metropolitan,5051.0
Camberwell,1/28 Nevis St,2,u,700000.0,S,Marshall,27/11/2016,7.8,3124.0,2.0,1.0,1.0,631.0,75.0,1970.0,Boroondara,-37.8434,145.08100000000005,Southern Metropolitan,8920.0
Bentleigh,21 Bruce St,3,h,1535000.0,S,Buxton,28/08/2016,13.0,3204.0,2.0,2.0,2.0,572.0,150.0,1930.0,Glen Eira,-37.9148,145.0404,Southern Metropolitan,6795.0
Balwyn North,14 Kawarren St,4,h,1750000.0,S,Kay,4/03/2017,9.2,3104.0,4.0,2.0,2.0,673.0,185.0,1960.0,Boroondara,-37.7856,145.0918,Southern Metropolitan,7809.0
Balwyn,3/94 Balwyn Rd,2,u,1053000.0,S,Fletchers,16/07/2016,9.7,3103.0,2.0,1.0,2.0,231.0,98.0,1985.0,Boroondara,-37.8123,145.0821,Southern Metropolitan,5682.0
Ascot Vale,2/127 Epsom Rd,2,u,610000.0,SP,Brad,16/04/2016,5.9,3032.0,2.0,1.0,1.0,301.0,104.0,1995.0,Moonee Valley,-37.7791,144.914,Western Metropolitan,6567.0
Brunswick West,201 Hope St,2,h,711000.0,S,Nelson,16/04/2016,5.9,3055.0,2.0,1.0,1.0,177.0,87.0,1910.0,Moreland,-37.7619,144.9412,Northern Metropolitan,7082.0
Coburg,19 Audley St,4,h,1136000.0,S,Ray,18/03/2017,7.8,3058.0,4.0,3.0,1.0,420.0,146.0,1920.0,Moreland,-37.7501,144.96200000000005,Northern Metropolitan,11204.0
Airport West,144 Marshall Rd,3,h,715000.0,S,Rendina,18/03/2017,13.5,3042.0,3.0,2.0,2.0,422.0,126.0,1995.0,Moonee Valley,-37.7164,144.8792,Western Metropolitan,3464.0
Burwood,48 Station St,3,h,1160000.0,S,Greg,4/06/2016,11.7,3125.0,3.0,1.0,1.0,786.0,111.0,1950.0,Whitehorse,-37.8525,145.1198,Southern Metropolitan,5678.0
Balwyn,5/14 Parring Rd,2,u,806000.0,S,Noel,3/12/2016,9.7,3103.0,2.0,1.0,1.0,122.0,97.0,1977.0,Boroondara,-37.8124,145.0916,Southern Metropolitan,5682.0
Bentleigh,13 Wood St,4,h,1910000.0,S,hockingstuart,18/06/2016,13.0,3204.0,4.0,2.0,4.0,736.0,284.0,1950.0,Glen Eira,-37.9224,145.0462,Southern Metropolitan,6795.0
Balwyn,13 Naroo St,4,h,1800000.0,PI,Jellis,8/10/2016,9.7,3103.0,3.0,2.0,2.0,577.0,200.0,1948.0,Boroondara,-37.8032,145.0693,Southern Metropolitan,5682.0
Airport West,2/62 Clydesdale Rd,2,u,530000.0,S,Nelson,10/09/2016,13.5,3042.0,2.0,1.0,1.0,120.0,94.0,2012.0,Moonee Valley,-37.7234,144.8792,Western Metropolitan,3464.0
Bulleen,135 Manningham Rd,4,h,1085000.0,PI,Barry,10/12/2016,11.8,3105.0,4.0,2.0,1.0,1124.0,225.0,1960.0,Manningham,-37.7679,145.0958,Eastern Metropolitan,4480.0
Ascot Vale,21 Middle St,3,h,1130000.0,S,Nelson,23/04/2016,5.9,3032.0,3.0,2.0,1.0,272.0,157.0,1900.0,Moonee Valley,-37.7774,144.928,Western Metropolitan,6567.0
Caulfield North,1/13 Narong Rd,2,u,536000.0,S,Gary,25/02/2017,8.1,3161.0,2.0,1.0,1.0,771.0,82.0,1960.0,Glen Eira,-37.8686,145.0239,Southern Metropolitan,6923.0
Balwyn North,15 Ellendale St,3,t,1150000.0,S,Christopher,6/08/2016,9.2,3104.0,3.0,2.0,1.0,207.0,144.0,2003.0,Boroondara,-37.7893,145.092,Southern Metropolitan,7809.0
Albert Park,55 Merton St,3,h,2100000.0,SP,Marshall,23/04/2016,3.3,3206.0,2.0,1.0,1.0,120.0,123.0,1900.0,Port Phillip,-37.8427,144.9546,Southern Metropolitan,3280.0
Bentleigh East,1/112 Tambet St,2,h,742500.0,S,Woodards,12/11/2016,13.9,3165.0,2.0,1.0,1.0,300.0,135.0,1960.0,Glen Eira,-37.9099,145.0726,Southern Metropolitan,10969.0
Canterbury,5 Margaret St,4,h,2620000.0,S,Marshall,7/11/2016,9.0,3126.0,4.0,1.0,1.0,717.0,235.0,1890.0,Boroondara,-37.8266,145.0849,Southern Metropolitan,3265.0
Altona North,1/156 Chambers Rd,3,h,620000.0,SP,Hunter,22/08/2016,11.1,3025.0,5.0,2.0,2.0,276.0,100.0,2010.0,Hobsons Bay,-37.8262,144.8443,Western Metropolitan,5132.0
Bentleigh,13 Horsley St,2,h,910000.0,S,Buxton,22/08/2016,13.0,3204.0,2.0,1.0,2.0,274.0,96.0,1970.0,Glen Eira,-37.9178,145.0413,Southern Metropolitan,6795.0
Ascot Vale,73 Kent St,2,h,760000.0,PI,Nelson,27/06/2016,5.9,3032.0,2.0,1.0,1.0,124.0,77.0,1900.0,Moonee Valley,-37.7807,144.9285,Western Metropolitan,6567.0
Bentleigh East,59 Tambet St,4,t,1160000.0,S,hockingstuart,6/08/2016,13.9,3165.0,3.0,2.0,2.0,321.0,180.0,2006.0,Glen Eira,-37.914,145.0714,Southern Metropolitan,10969.0
Brighton,823 Hampton St,4,h,2475000.0,VB,Marshall,19/11/2016,11.2,3186.0,4.0,2.0,2.0,605.0,274.0,1920.0,Bayside,-37.916,145.0064,Southern Metropolitan,10579.0
Bentleigh,11 Wheatley Rd,4,h,1860000.0,PI,McGrath,12/11/2016,13.0,3204.0,4.0,2.0,3.0,855.0,197.0,1930.0,Glen Eira,-37.9163,145.0324,Southern Metropolitan,6795.0
Bentleigh,1/236 Patterson Rd,3,u,875000.0,S,hockingstuart,3/09/2016,13.0,3204.0,3.0,1.0,2.0,348.0,121.0,1950.0,Glen Eira,-37.9273,145.0479,Southern Metropolitan,6795.0
Alphington,38 Bennett St,4,h,2100000.0,S,Nelson,19/11/2016,6.4,3078.0,4.0,2.0,2.0,575.0,271.0,2008.0,Darebin,-37.7723,145.0319,Northern Metropolitan,2211.0
Carnegie,1/12 Kokaribb Rd,2,u,656000.0,S,Property,18/06/2016,11.4,3163.0,2.0,1.0,1.0,103.0,82.0,1970.0,Glen Eira,-37.8873,145.0559,Southern Metropolitan,7822.0
Brunswick West,171 Union St,3,h,1095000.0,S,Nelson,15/10/2016,5.9,3055.0,3.0,1.0,1.0,411.0,168.0,1935.0,Moreland,-37.7728,144.9478,Northern Metropolitan,7082.0
Bulleen,14 Collins St,3,h,990000.0,PI,Barry,22/08/2016,11.8,3105.0,3.0,1.0,2.0,602.0,175.0,1975.0,Manningham,-37.7674,145.0988,Eastern Metropolitan,4480.0
Ascot Vale,8 Pentland St,3,h,1435000.0,S,Nelson,12/11/2016,5.9,3032.0,3.0,2.0,2.0,532.0,147.0,1950.0,Moonee Valley,-37.7737,144.904,Western Metropolitan,6567.0
Carnegie,3/16 Yendon Rd,3,t,808000.0,S,Gary,25/02/2017,11.4,3163.0,3.0,1.0,1.0,111.0,116.0,1998.0,Glen Eira,-37.8889,145.0495,Southern Metropolitan,7822.0
Bentleigh,43 Godfrey St,5,h,1900000.0,S,Woodards,25/02/2017,13.0,3204.0,5.0,2.0,2.0,567.0,250.0,1926.0,Glen Eira,-37.9144,145.0401,Southern Metropolitan,6795.0
Carlton North,292 Amess St,4,h,1950000.0,S,Nelson,22/05/2016,3.2,3054.0,4.0,2.0,2.0,207.0,162.0,1900.0,Yarra,-37.7804,144.9748,Northern Metropolitan,3106.0
Altona North,45 Hearn St,5,h,1085000.0,S,FN,3/09/2016,11.1,3025.0,5.0,3.0,6.0,592.0,251.0,1965.0,Hobsons Bay,-37.8388,144.8567,Western Metropolitan,5132.0
Coburg,243 Moreland Rd,3,h,1370000.0,S,Ray,4/03/2017,7.8,3058.0,3.0,1.0,1.0,233.0,180.0,1890.0,Moreland,-37.7549,144.9611,Northern Metropolitan,11204.0
Brighton,17 McCallum St,4,h,3695000.0,S,Marshall,3/12/2016,11.2,3186.0,4.0,3.0,2.0,836.0,284.0,1960.0,Bayside,-37.9071,144.9898,Southern Metropolitan,10579.0
Carnegie,78b Miller St,3,u,1008000.0,S,Woodards,7/11/2016,11.4,3163.0,3.0,2.0,1.0,300.0,130.0,1990.0,Glen Eira,-37.8974,145.0539,Southern Metropolitan,7822.0
Airport West,11 Harrington Rd,6,h,725000.0,SP,Barry,7/05/2016,13.5,3042.0,6.0,3.0,2.0,976.0,186.0,1980.0,Moonee Valley,-37.7239,144.8735,Western Metropolitan,3464.0
Carnegie,90 Truganini Rd,4,h,1550000.0,VB,hockingstuart,12/11/2016,11.4,3163.0,4.0,2.0,2.0,757.0,133.0,1930.0,Glen Eira,-37.8925,145.0541,Southern Metropolitan,7822.0
Ascot Vale,1 Bloomfield Rd,3,h,1305000.0,S,Barry,28/05/2016,5.9,3032.0,2.0,1.0,1.0,278.0,166.0,1900.0,Moonee Valley,-37.7768,144.9223,Western Metropolitan,6567.0
Ascot Vale,8 Geddes St,2,h,710000.0,PI,Nelson,4/06/2016,5.9,3032.0,2.0,1.0,1.0,214.0,77.0,1890.0,Moonee Valley,-37.7776,144.9142,Western Metropolitan,6567.0
Burwood,2/32 McIntyre St,3,u,1022500.0,S,Ray,3/12/2016,11.7,3125.0,3.0,2.0,2.0,265.0,130.0,2000.0,Whitehorse,-37.8516,145.1056,Southern Metropolitan,5678.0
Brighton East,299 South Rd,3,h,1590000.0,S,Marshall,8/10/2016,10.7,3187.0,3.0,3.0,2.0,481.0,244.0,2012.0,Bayside,-37.931,145.0198,Southern Metropolitan,6938.0
Balwyn,2/8 Evelina St,4,t,1400000.0,PI,Noel,12/11/2016,9.7,3103.0,4.0,3.0,2.0,241.0,240.0,2009.0,Boroondara,-37.8042,145.1042,Southern Metropolitan,5682.0
Balwyn North,9 Seattle St,4,h,1675000.0,S,Fletchers,18/03/2017,9.2,3104.0,4.0,2.0,2.0,667.0,201.0,1974.0,Boroondara,-37.7835,145.0883,Southern Metropolitan,7809.0
Ascot Vale,52 Monash St,3,h,1425000.0,PI,Jellis,13/08/2016,5.9,3032.0,3.0,2.0,2.0,495.0,139.0,1920.0,Moonee Valley,-37.7821,144.9055,Western Metropolitan,6567.0
Balwyn North,123 Winfield Rd,5,h,1560000.0,S,RT,27/11/2016,9.2,3104.0,5.0,2.0,3.0,845.0,199.0,1980.0,Boroondara,-37.7898,145.1021,Southern Metropolitan,7809.0
Altona North,5 Cresser St,4,h,1200000.0,SP,RT,27/11/2016,11.1,3025.0,4.0,1.0,4.0,633.0,158.0,1960.0,Hobsons Bay,-37.8375,144.8541,Western Metropolitan,5132.0
Brunswick,30 Charles St,4,h,1350000.0,S,Nelson,15/10/2016,5.2,3056.0,4.0,1.0,1.0,370.0,151.0,1940.0,Moreland,-37.7728,144.9639,Northern Metropolitan,11918.0
Bentleigh,4 Daley St,3,h,1370000.0,S,hockingstuart,16/07/2016,13.0,3204.0,3.0,1.0,2.0,624.0,143.0,1950.0,Glen Eira,-37.9256,145.0374,Southern Metropolitan,6795.0
Albert Park,2 Dundas Pl,3,h,2615000.0,S,Cayzer,10/12/2016,3.3,3206.0,3.0,2.0,1.0,177.0,181.0,1880.0,Port Phillip,-37.8415,144.9585,Southern Metropolitan,3280.0
Brighton East,25 Robinson St,4,h,2150000.0,S,Buxton,19/11/2016,10.7,3187.0,4.0,3.0,2.0,614.0,225.0,1970.0,Bayside,-37.9186,145.0175,Southern Metropolitan,6938.0
Camberwell,9 Derby St,5,h,2250000.0,PI,Marshall,28/08/2016,7.8,3124.0,5.0,5.0,1.0,639.0,453.0,2010.0,Boroondara,-37.8303,145.0668,Southern Metropolitan,8920.0
Camberwell,9/43 Inglesby Rd,2,u,615000.0,S,Noel,4/06/2016,7.8,3124.0,2.0,1.0,1.0,1107.0,68.0,1960.0,Boroondara,-37.8347,145.05700000000004,Southern Metropolitan,8920.0
Bulleen,14 Kandanga Gr,3,h,1075000.0,S,Jellis,12/11/2016,11.8,3105.0,3.0,1.0,1.0,604.0,96.0,1960.0,Manningham,-37.7711,145.0928,Eastern Metropolitan,4480.0
Balwyn,3/3 Iramoo St,3,t,1367000.0,S,Jellis,10/12/2016,9.7,3103.0,3.0,2.0,2.0,219.0,164.0,2003.0,Boroondara,-37.8125,145.0849,Southern Metropolitan,5682.0
Ashburton,69 Albion Rd,3,h,1670000.0,S,Jellis,3/12/2016,11.0,3147.0,3.0,2.0,2.0,599.0,220.0,1930.0,Boroondara,-37.8673,145.0688,Southern Metropolitan,3052.0
Camberwell,89 Radnor St,3,h,1987000.0,S,Jellis,4/06/2016,7.8,3124.0,3.0,2.0,2.0,706.0,164.0,1960.0,Boroondara,-37.8457,145.0611,Southern Metropolitan,8920.0
Ashburton,16a Nicholas St,3,h,1100000.0,PI,Marshall,8/10/2016,11.0,3147.0,3.0,3.0,2.0,276.0,178.0,2004.0,Boroondara,-37.8699,145.0778,Southern Metropolitan,3052.0
Airport West,154 Halsey Rd,3,t,840000.0,PI,Nelson,3/09/2016,13.5,3042.0,3.0,2.0,1.0,303.0,225.0,2016.0,Moonee Valley,-37.718,144.878,Western Metropolitan,3464.0
Camberwell,1/3 Crescent Rd,2,u,667000.0,S,Woodards,27/06/2016,7.8,3124.0,2.0,1.0,1.0,83.0,81.0,1960.0,Boroondara,-37.8355,145.0633,Southern Metropolitan,8920.0
Bentleigh,1/7 Uonga Rd,2,u,820000.0,S,hockingstuart,19/11/2016,13.0,3204.0,2.0,1.0,3.0,336.0,109.0,1960.0,Glen Eira,-37.929,145.0375,Southern Metropolitan,6795.0
Brighton East,27 Arnold Rd,4,h,2200000.0,PI,Buxton,18/06/2016,10.7,3187.0,4.0,2.0,2.0,654.0,286.0,2000.0,Bayside,-37.9292,145.0236,Southern Metropolitan,6938.0
Braybrook,2B Bradford Ct,3,t,579000.0,S,Sweeney,19/11/2016,10.8,3019.0,3.0,2.0,1.0,198.0,144.0,2013.0,Maribyrnong,-37.7827,144.8625,Western Metropolitan,3589.0
Ascot Vale,125 Epsom Rd,4,h,1100000.0,VB,Nelson,15/10/2016,5.9,3032.0,4.0,2.0,5.0,559.0,195.0,1920.0,Moonee Valley,-37.7791,144.9136,Western Metropolitan,6567.0
Burwood,2a Iris St,2,h,633000.0,S,Noel,14/05/2016,11.7,3125.0,2.0,1.0,1.0,276.0,92.0,1965.0,Whitehorse,-37.8454,145.0971,Southern Metropolitan,5678.0
Balwyn North,43 Helston St,4,h,1530000.0,PI,hockingstuart,27/06/2016,9.2,3104.0,4.0,2.0,2.0,701.0,198.0,1960.0,Boroondara,-37.7839,145.0954,Southern Metropolitan,7809.0
Ascot Vale,7 Francis St,3,h,1380000.0,SP,Nelson,4/03/2017,5.9,3032.0,3.0,2.0,2.0,277.0,174.0,1910.0,Moonee Valley,-37.7777,144.9221,Western Metropolitan,6567.0
Bulleen,13 Montgomery Pl,3,h,990000.0,PI,Barry,6/08/2016,11.8,3105.0,3.0,2.0,1.0,585.0,180.0,1950.0,Manningham,-37.7689,145.099,Eastern Metropolitan,4480.0
Brighton,120 Cole St,4,h,2145000.0,S,Buxton,7/05/2016,11.2,3186.0,3.0,2.0,1.0,550.0,197.0,1910.0,Bayside,-37.8954,145.0017,Southern Metropolitan,10579.0
Bentleigh East,3 Forrest St,3,h,1200000.0,S,Woodards,25/02/2017,13.9,3165.0,3.0,1.0,1.0,640.0,120.0,1960.0,Glen Eira,-37.916,145.0776,Southern Metropolitan,10969.0
Altona North,6 Hill St,3,h,815000.0,S,hockingstuart,25/02/2017,11.1,3025.0,3.0,2.0,3.0,555.0,130.0,1960.0,Hobsons Bay,-37.8318,144.8388,Western Metropolitan,5132.0
Bentleigh East,26 Almurta Rd,3,h,1200000.0,S,hockingstuart,17/09/2016,13.9,3165.0,3.0,1.0,1.0,721.0,120.0,1970.0,Glen Eira,-37.9244,145.0665,Southern Metropolitan,10969.0
Bentleigh East,25 Connie St,5,h,950000.0,VB,Woodards,7/05/2016,13.9,3165.0,5.0,2.0,4.0,618.0,146.0,1950.0,Glen Eira,-37.9209,145.0757,Southern Metropolitan,10969.0
Alphington,4/2 Miller St,2,t,805000.0,S,Miles,12/11/2016,6.4,3078.0,2.0,2.0,3.0,155.0,140.0,2004.0,Darebin,-37.7804,145.0308,Northern Metropolitan,2211.0
Brighton East,9a Elizabeth St,3,h,1355000.0,S,C21,15/10/2016,10.7,3187.0,3.0,1.0,2.0,759.0,151.0,1930.0,Bayside,-37.9057,145.0166,Southern Metropolitan,6938.0
Bentleigh East,11 Moylan St,4,h,1690000.0,S,Gary,17/09/2016,13.9,3165.0,4.0,2.0,2.0,700.0,165.0,1950.0,Glen Eira,-37.9117,145.0534,Southern Metropolitan,10969.0
Airport West,174 Parer Rd,2,h,675000.0,S,Barry,16/07/2016,13.5,3042.0,2.0,1.0,1.0,612.0,100.0,1975.0,Moonee Valley,-37.7187,144.8765,Western Metropolitan,3464.0
Balwyn,112 Belmore Rd,5,h,2570000.0,PI,RT,3/12/2016,9.7,3103.0,5.0,3.0,2.0,715.0,420.0,2009.0,Boroondara,-37.8028,145.0768,Southern Metropolitan,5682.0
Balwyn North,3/48 Alpha St,2,u,1040000.0,S,Fletchers,24/09/2016,9.2,3104.0,2.0,1.0,1.0,250.0,112.0,1995.0,Boroondara,-37.7996,145.0959,Southern Metropolitan,7809.0
Brunswick,35 Percy St,2,h,705000.0,S,Chambers,23/04/2016,5.2,3056.0,2.0,1.0,1.0,161.0,68.0,1910.0,Moreland,-37.7646,144.9586,Northern Metropolitan,11918.0
Coburg,105 Moreland Rd,3,h,812000.0,S,Nicholson,8/10/2016,7.8,3058.0,3.0,1.0,1.0,370.0,130.0,1930.0,Moreland,-37.7561,144.9718,Northern Metropolitan,11204.0
Braybrook,80 South Rd,4,h,610000.0,VB,Biggin,17/09/2016,10.8,3019.0,4.0,2.0,1.0,283.0,154.0,1990.0,Maribyrnong,-37.7908,144.8485,Western Metropolitan,3589.0
Coburg,1e The Avenue,3,h,763000.0,S,Woodards,14/05/2016,7.8,3058.0,3.0,2.0,1.0,107.0,110.0,1994.0,Moreland,-37.7517,144.963,Northern Metropolitan,11204.0
Clifton Hill,66 Noone St,2,h,780000.0,S,Harrington,4/06/2016,3.4,3068.0,2.0,1.0,1.0,155.0,85.0,1880.0,Yarra,-37.7934,144.9922,Northern Metropolitan,2954.0
Caulfield South,393 North Rd,3,h,1200000.0,S,hockingstuart,25/02/2017,9.3,3162.0,3.0,2.0,2.0,494.0,135.0,1920.0,Glen Eira,-37.9027,145.0322,Southern Metropolitan,5051.0
Airport West,10 Hilbert Rd,3,h,685000.0,S,Barry,22/05/2016,13.5,3042.0,3.0,1.0,1.0,579.0,113.0,1975.0,Moonee Valley,-37.7226,144.8733,Western Metropolitan,3464.0
Braybrook,20 Balmoral St,3,h,730000.0,S,Barry,11/03/2017,10.8,3019.0,3.0,2.0,2.0,544.0,135.0,1970.0,Maribyrnong,-37.7815,144.855,Western Metropolitan,3589.0
Brunswick,141 Gold St,2,h,845500.0,S,Nelson,7/05/2016,5.2,3056.0,2.0,1.0,1.0,179.0,90.0,1890.0,Moreland,-37.7742,144.9542,Northern Metropolitan,11918.0
Bentleigh East,7 England St,4,h,1352000.0,S,hockingstuart,16/07/2016,13.9,3165.0,4.0,2.0,2.0,618.0,196.0,1950.0,Glen Eira,-37.9252,145.0562,Southern Metropolitan,10969.0
Ashwood,4 Teck St,2,h,1110000.0,S,Fletchers,24/09/2016,12.2,3147.0,2.0,1.0,1.0,586.0,86.0,1950.0,Monash,-37.8683,145.1082,Southern Metropolitan,2894.0
Brunswick,26 Warburton St,3,h,1340000.0,S,Nelson,27/11/2016,5.2,3056.0,3.0,1.0,1.0,316.0,132.0,1910.0,Moreland,-37.7741,144.9703,Northern Metropolitan,11918.0
Bentleigh East,23 York St,4,h,1035000.0,PI,First,16/04/2016,13.9,3165.0,3.0,1.0,2.0,610.0,160.0,1950.0,Glen Eira,-37.9193,145.0691,Southern Metropolitan,10969.0
Ascot Vale,120 Epsom Rd,3,h,970000.0,S,Brad,7/05/2016,5.9,3032.0,3.0,1.0,2.0,350.0,125.0,1904.0,Moonee Valley,-37.7759,144.91,Western Metropolitan,6567.0
Balwyn,2/30 Kalimna St,2,u,755000.0,PI,Noel,19/11/2016,9.7,3103.0,2.0,1.0,1.0,213.0,92.0,1980.0,Boroondara,-37.8092,145.0789,Southern Metropolitan,5682.0
Brunswick,411 Barkly St,2,h,945000.0,S,Jellis,30/07/2016,5.2,3056.0,2.0,1.0,2.0,246.0,103.0,1910.0,Moreland,-37.775,144.9536,Northern Metropolitan,11918.0
Ashburton,5 Taylor St,4,h,1860000.0,S,Jellis,27/11/2016,11.0,3147.0,4.0,2.0,3.0,696.0,274.0,2000.0,Boroondara,-37.8711,145.0746,Southern Metropolitan,3052.0
Armadale,3/769 High St,3,t,1101000.0,S,Jellis,27/11/2016,6.3,3143.0,3.0,1.0,2.0,103.0,3.0,2000.0,Stonnington,-37.8542,145.0135,Southern Metropolitan,4836.0
Bentleigh East,8 Marlborough St,3,h,1320000.0,S,Buxton,28/08/2016,13.9,3165.0,3.0,1.0,1.0,593.0,94.0,1950.0,Glen Eira,-37.9178,145.067,Southern Metropolitan,10969.0
Braybrook,80 South Rd,4,h,645000.0,SP,Biggin,7/11/2016,10.8,3019.0,4.0,2.0,1.0,283.0,154.0,1990.0,Maribyrnong,-37.7908,144.8485,Western Metropolitan,3589.0
Box Hill,22 William St,3,h,1500000.0,SP,Ray,15/10/2016,13.1,3128.0,3.0,1.0,2.0,664.0,106.0,1930.0,Whitehorse,-37.8235,145.1276,Eastern Metropolitan,4605.0
Caulfield,30 Pyne St,4,h,131000.0,PI,Rodney,25/02/2017,8.9,3162.0,4.0,1.0,2.0,499.0,155.0,1920.0,Glen Eira,-37.8864,145.0242,Southern Metropolitan,2379.0
Balwyn North,153 Doncaster Rd,3,h,1500000.0,PI,Jellis,3/09/2016,9.2,3104.0,3.0,2.0,1.0,778.0,154.0,1950.0,Boroondara,-37.7939,145.0789,Southern Metropolitan,7809.0
Bentleigh East,790 North Rd,5,h,1600000.0,S,Buxton,16/07/2016,13.9,3165.0,4.0,2.0,2.0,659.0,315.0,1930.0,Glen Eira,-37.906,145.0547,Southern Metropolitan,10969.0
Coburg,155 Nicholson St,3,h,825000.0,S,Ray,23/04/2016,7.8,3058.0,3.0,1.0,2.0,577.0,131.0,1920.0,Moreland,-37.7459,144.9773,Northern Metropolitan,11204.0
Caulfield South,42 Poplar St,3,h,1330000.0,S,Gary,26/07/2016,9.3,3162.0,3.0,1.0,1.0,312.0,123.0,1926.0,Glen Eira,-37.8893,145.0196,Southern Metropolitan,5051.0
Chadstone,23 Jacana St,3,h,1000000.0,SP,Thomson,27/11/2016,13.6,3148.0,3.0,1.0,2.0,630.0,105.0,1960.0,Monash,-37.8838,145.102,Southern Metropolitan,3582.0
Coburg,41 Service St,3,h,1130000.0,SP,Re,12/11/2016,7.8,3058.0,3.0,1.0,2.0,735.0,127.0,1920.0,Moreland,-37.7379,144.9623,Northern Metropolitan,11204.0
Braybrook,19 Kannan Bvd,4,h,882000.0,S,Village,10/12/2016,10.8,3019.0,4.0,2.0,2.0,393.0,216.0,2008.0,Maribyrnong,-37.7763,144.8543,Western Metropolitan,3589.0
Brighton East,2/33 Cluden St,2,u,903000.0,S,Hodges,27/11/2016,10.7,3187.0,2.0,1.0,1.0,171.0,101.0,1970.0,Bayside,-37.9125,145.0114,Southern Metropolitan,6938.0
Brighton East,13 Robinson St,5,h,1700000.0,VB,Marshall,4/06/2016,10.7,3187.0,4.0,2.0,1.0,994.0,274.0,1935.0,Bayside,-37.9187,145.0187,Southern Metropolitan,6938.0
Ascot Vale,26 Ayr St,6,h,1430000.0,S,Nelson,16/04/2016,5.9,3032.0,4.0,2.0,1.0,461.0,286.0,1900.0,Moonee Valley,-37.78,144.9295,Western Metropolitan,6567.0
Bentleigh,13 Somers St,3,h,1317500.0,S,Buxton,4/06/2016,13.0,3204.0,3.0,1.0,1.0,576.0,127.0,1945.0,Glen Eira,-37.9149,145.0254,Southern Metropolitan,6795.0
Balwyn North,28 Severn St,3,h,2100000.0,VB,Jellis,19/11/2016,9.2,3104.0,3.0,2.0,3.0,949.0,175.0,1940.0,Boroondara,-37.796,145.0696,Southern Metropolitan,7809.0
Balwyn North,1 Bolinda Rd,3,h,1700000.0,VB,Fletchers,13/08/2016,9.2,3104.0,3.0,2.0,3.0,763.0,168.0,1960.0,Boroondara,-37.7935,145.0865,Southern Metropolitan,7809.0
Brunswick,10 Cliff St,1,h,772000.0,SP,Collins,28/08/2016,5.2,3056.0,1.0,1.0,1.0,147.0,82.0,1890.0,Moreland,-37.7643,144.9584,Northern Metropolitan,11918.0
Balwyn North,30 Hood St,4,h,1900000.0,VB,Fletchers,3/12/2016,9.2,3104.0,4.0,2.0,2.0,642.0,215.0,1955.0,Boroondara,-37.7988,145.0726,Southern Metropolitan,7809.0
Balwyn North,108 Bulleen Rd,5,h,1750000.0,VB,Jellis,7/11/2016,9.2,3104.0,5.0,3.0,2.0,705.0,365.0,2013.0,Boroondara,-37.7851,145.0775,Southern Metropolitan,7809.0
Chadstone,2/2 Robert St,3,t,845000.0,S,Buxton,28/05/2016,13.6,3148.0,3.0,2.0,1.0,177.0,111.0,2012.0,Monash,-37.8824,145.1042,Southern Metropolitan,3582.0
Box Hill,3/14 Bedford St,3,t,750000.0,S,Jellis,15/10/2016,13.1,3128.0,3.0,2.0,1.0,150.0,3.0,2000.0,Whitehorse,-37.8287,145.1319,Eastern Metropolitan,4605.0
Coburg,2/118 Bruce St,3,t,640000.0,S,Nelson,10/12/2016,7.8,3058.0,3.0,1.0,2.0,119.0,109.0,1995.0,Moreland,-37.7403,144.9491,Northern Metropolitan,11204.0
Brunswick,3/38 Charles St,2,t,750000.0,PI,Nelson,10/09/2016,5.2,3056.0,2.0,2.0,1.0,118.0,88.0,2013.0,Moreland,-37.7723,144.9643,Northern Metropolitan,11918.0
Ashwood,17 Parkhill Dr,4,h,1240000.0,S,Tim,19/11/2016,12.2,3147.0,4.0,2.0,2.0,766.0,192.0,1950.0,Monash,-37.8629,145.1097,Southern Metropolitan,2894.0
Bentleigh,58 London St,4,t,1155000.0,S,Buxton,10/09/2016,13.0,3204.0,4.0,3.0,2.0,271.0,205.0,2010.0,Glen Eira,-37.9252,145.0494,Southern Metropolitan,6795.0
Ashburton,18 Glen Rd,3,h,1665000.0,S,Jellis,15/10/2016,11.0,3147.0,3.0,2.0,3.0,702.0,145.0,1945.0,Boroondara,-37.8737,145.0695,Southern Metropolitan,3052.0
Ashburton,5 Pitt St,2,h,1440000.0,PI,Jellis,27/06/2016,11.0,3147.0,2.0,1.0,1.0,687.0,104.0,1940.0,Boroondara,-37.872,145.0692,Southern Metropolitan,3052.0
Albert Park,27 Barrett St,4,h,2140000.0,S,Greg,27/06/2016,3.3,3206.0,3.0,2.0,1.0,183.0,145.0,1880.0,Port Phillip,-37.8434,144.9495,Southern Metropolitan,3280.0
Brighton East,139 Thomas St,4,h,1650000.0,SA,hockingstuart,13/08/2016,10.7,3187.0,5.0,3.0,2.0,598.0,212.0,1948.0,Bayside,-37.9075,145.0248,Southern Metropolitan,6938.0
Canterbury,17 Irilbarra Rd,4,h,3400000.0,S,Jellis,19/11/2016,9.0,3126.0,4.0,1.0,4.0,845.0,411.0,2008.0,Boroondara,-37.8184,145.0702,Southern Metropolitan,3265.0
Ascot Vale,15 Mirams St,4,h,1345000.0,S,Jellis,25/02/2017,5.9,3032.0,4.0,1.0,1.0,552.0,155.0,1920.0,Moonee Valley,-37.7769,144.9138,Western Metropolitan,6567.0
Avondale Heights,109 North Rd,4,h,762000.0,S,Nelson,26/07/2016,10.5,3034.0,4.0,2.0,2.0,589.0,150.0,1961.0,Moonee Valley,-37.7573,144.8534,Western Metropolitan,4502.0
Bentleigh East,71 Deakin St,5,h,1550000.0,PI,hockingstuart,27/11/2016,13.9,3165.0,5.0,3.0,2.0,583.0,296.0,2007.0,Glen Eira,-37.9143,145.0699,Southern Metropolitan,10969.0
Balwyn North,88 Longview Rd,3,h,1450000.0,VB,Jellis,4/03/2017,9.2,3104.0,3.0,1.0,2.0,665.0,124.0,1950.0,Boroondara,-37.7862,145.0781,Southern Metropolitan,7809.0
Camberwell,3/220 Warrigal Rd,2,u,435000.0,SP,LITTLE,7/11/2016,7.8,3124.0,2.0,1.0,1.0,896.0,77.0,1960.0,Boroondara,-37.8479,145.0958,Southern Metropolitan,8920.0
Ashwood,14 Ashwood Dr,3,h,1305000.0,S,Jellis,25/02/2017,12.2,3147.0,3.0,1.0,1.0,760.0,120.0,1960.0,Monash,-37.858,145.1038,Southern Metropolitan,2894.0
Burwood,1/46 Gillard St,3,h,570000.0,S,Ray,17/09/2016,11.7,3125.0,3.0,1.0,1.0,384.0,112.0,1950.0,Whitehorse,-37.8542,145.1138,Southern Metropolitan,5678.0
Altona North,1/95 Mills St,3,h,588000.0,S,Williams,7/05/2016,11.1,3025.0,3.0,1.0,1.0,328.0,118.0,1970.0,Hobsons Bay,-37.838,144.8555,Western Metropolitan,5132.0
Ashburton,3 Mustang Ct,3,h,1500000.0,VB,Jellis,22/08/2016,11.0,3147.0,3.0,2.0,2.0,710.0,139.0,1945.0,Boroondara,-37.8653,145.0897,Southern Metropolitan,3052.0
Bentleigh,39 Luckins Rd,4,h,1300000.0,PI,Buxton,7/11/2016,13.0,3204.0,4.0,2.0,2.0,697.0,194.0,1940.0,Glen Eira,-37.9318,145.0474,Southern Metropolitan,6795.0
Brighton,2 Campbell St,3,h,2050000.0,PI,hockingstuart,10/12/2016,11.2,3186.0,3.0,3.0,2.0,398.0,262.0,2012.0,Bayside,-37.899,144.9901,Southern Metropolitan,10579.0
Ashburton,47 Yuile St,4,h,1550000.0,VB,Marshall,12/11/2016,11.0,3147.0,4.0,2.0,2.0,780.0,180.0,1938.0,Boroondara,-37.86,145.0817,Southern Metropolitan,3052.0
Ashwood,16 Scenic Dr,5,h,1529500.0,S,Buxton,17/09/2016,12.2,3147.0,5.0,3.0,2.0,585.0,317.0,2000.0,Monash,-37.8637,145.1024,Southern Metropolitan,2894.0
Ascot Vale,1 East St,3,t,1000000.0,S,Nelson,27/11/2016,5.9,3032.0,3.0,2.0,2.0,200.0,144.0,2003.0,Moonee Valley,-37.7766,144.9277,Western Metropolitan,6567.0
Brunswick,1/32 Donald St,2,u,587000.0,SP,Jellis,12/11/2016,5.2,3056.0,2.0,1.0,1.0,114.0,65.0,1970.0,Moreland,-37.758,144.9667,Northern Metropolitan,11918.0
Brighton,23a Chelsea St,3,u,1352500.0,S,hockingstuart,28/08/2016,11.2,3186.0,2.0,2.0,1.0,280.0,110.0,1993.0,Bayside,-37.91,144.989,Southern Metropolitan,10579.0
Balwyn,142 Balwyn Rd,2,h,1850000.0,VB,Fletchers,6/08/2016,9.7,3103.0,3.0,1.0,1.0,1015.0,166.0,1930.0,Boroondara,-37.8074,145.0826,Southern Metropolitan,5682.0
Altona,158 Queen St,3,h,520000.0,VB,Greg,3/09/2016,13.8,3018.0,3.0,2.0,1.0,352.0,242.0,2015.0,Hobsons Bay,-37.87,144.825,Western Metropolitan,5301.0
Ascot Vale,62 Mirams St,3,h,890000.0,SP,Brad,16/07/2016,5.9,3032.0,3.0,1.0,1.0,242.0,110.0,1920.0,Moonee Valley,-37.7765,144.9114,Western Metropolitan,6567.0
Airport West,138 Victory Rd,3,h,1042000.0,S,Nelson,16/07/2016,13.5,3042.0,3.0,2.0,5.0,612.0,174.0,1950.0,Moonee Valley,-37.7173,144.8796,Western Metropolitan,3464.0
Airport West,478 Fullarton Rd,3,h,810000.0,PI,Barry,18/03/2017,13.5,3042.0,3.0,3.0,2.0,555.0,192.0,1980.0,Moonee Valley,-37.7285,144.8694,Western Metropolitan,3464.0
Bentleigh East,21 Wards Gr,4,h,1206000.0,S,Hodges,8/10/2016,13.9,3165.0,4.0,1.0,1.0,636.0,138.0,1940.0,Glen Eira,-37.925,145.0612,Southern Metropolitan,10969.0
Ascot Vale,3/8 Walter St,2,t,865000.0,SP,Nelson,18/03/2017,5.9,3032.0,2.0,2.0,1.0,146.0,132.0,2015.0,Moonee Valley,-37.7713,144.9038,Western Metropolitan,6567.0
Airport West,3/7 South Rd,3,t,540000.0,SP,Nelson,18/06/2016,13.5,3042.0,2.0,2.0,1.0,161.0,101.0,2010.0,Moonee Valley,-37.7231,144.8802,Western Metropolitan,3464.0
Bentleigh East,30 Veronica St,2,h,825000.0,S,Buxton,3/09/2016,13.9,3165.0,2.0,2.0,1.0,176.0,125.0,2008.0,Glen Eira,-37.9237,145.0763,Southern Metropolitan,10969.0
Balwyn North,17 Stephens St,4,h,3360000.0,S,Assisi,16/04/2016,9.2,3104.0,4.0,3.0,1.0,904.0,420.0,2003.0,Boroondara,-37.797,145.086,Southern Metropolitan,7809.0
Brighton,1/112 Roslyn St,2,u,1300000.0,S,Nick,4/03/2017,11.2,3186.0,2.0,2.0,2.0,329.0,132.0,1940.0,Bayside,-37.9172,145.004,Southern Metropolitan,10579.0
Brunswick West,2/494 Victoria St,3,t,815000.0,S,Ray,27/06/2016,5.9,3055.0,3.0,1.0,2.0,157.0,123.0,1999.0,Moreland,-37.7652,144.9454,Northern Metropolitan,7082.0
Brighton East,13 Hornby St,4,h,2840000.0,S,Hodges,10/09/2016,10.7,3187.0,5.0,2.0,2.0,999.0,274.0,1972.0,Bayside,-37.9135,145.0189,Southern Metropolitan,6938.0
Brighton,73 Martin St,4,h,3320000.0,S,Buxton,10/12/2016,11.2,3186.0,4.0,3.0,2.0,644.0,364.0,2000.0,Bayside,-37.8964,144.9972,Southern Metropolitan,10579.0
Canterbury,33 Myrtle Rd,3,h,1587500.0,S,Marshall,3/12/2016,9.0,3126.0,3.0,1.0,1.0,459.0,130.0,1920.0,Boroondara,-37.8265,145.072,Southern Metropolitan,3265.0
Altona,27 McIntyre Dr,3,h,840000.0,SP,Greg,18/03/2017,13.8,3018.0,3.0,2.0,2.0,534.0,136.0,1965.0,Hobsons Bay,-37.86,144.8245,Western Metropolitan,5301.0
